id,pred
id_yorywxet0a,18.739784694849217
id_9rhbkh8kye,15.632316884041018
id_oh2pg7ik9m,15.547222662459758
id_u5xtrnbshq,17.757909795201442
id_pfcdhqpggy,18.332146471802716
id_rsbolu1d8s,16.285981254794336
id_1o41vsdb40,16.832152140578977
id_bthds7exkp,20.82307314846284
id_u2lx4hcr19,15.033679142478853
id_vt2seycroc,26.932644206690004
id_ev3xsimi3e,18.048381784478323
id_8wsnxwqlaw,19.55386802020635
id_jhks2agjzh,15.182315541924016
id_abc042gxa9,16.74047845138142
id_t39ajz3mpo,22.90621698813161
id_7l7bqpd71y,23.372666723256266
id_k9uhbcg8zv,25.098082021357435
id_kf067ifyeu,19.321726281976773
id_6axl9l8y0y,16.14048593479366
id_fknkdrl6fy,16.39367567264348
id_8gmporna5z,16.630779968065443
id_a4bmoty06e,18.795106774292773
id_czo0d13gtz,20.47032304968671
id_co7jt5xego,18.1260390099808
id_2x6lo1wgko,16.60408818029235
id_9wjap2et51,24.80052432914338
id_c7mps6h2ft,19.722525855803635
id_j8yje9gqi8,18.202255345633905
id_vju59tgxzh,21.938499660353294
id_8lap7ve7md,20.15134353935581
id_pvs9bs83s2,21.773368722238583
id_qdivis4t0b,21.914996357586478
id_6ihg5rmjar,28.139703161541952
id_enahmr353n,20.36242821309551
id_m5la6rz5vl,21.806801172229694
id_lyc6fznfhn,19.284620167519595
id_u15ftwfcl7,23.80228225282815
id_mjaugtu77u,24.31536500018518
id_h1bl0y44h5,24.83262567571284
id_ixfnpr6f21,22.5946491007036
id_37e3n0alew,24.42094406896185
id_mj9599i7yu,25.141413203921413
id_aq1df4iqdu,26.542171461052497
id_2e5mcgpio6,27.564256582767644
id_o99bic4pl9,40.1744484379747
id_wee03f0g34,53.252669229538576
id_ebyp7dsb2j,51.27054813291136
id_xrw2te1q07,49.84495264720275
id_e1pr3nswl9,48.61705810625533
id_20jn6yzhpi,45.1273301549866
id_ef9regkoel,54.302162142178304
id_ja9p3oi1ln,54.43715185651686
id_u4t0meqqix,52.51945453940973
id_ha9378tgsl,54.57242189617182
id_sm9fmjwje3,47.847969550998755
id_pq1s2kq7qs,64.46196410659107
id_zcw88t7w9n,17.39694142276695
id_9gqyxg4fuy,16.594061492250745
id_jlbv1pe7mw,17.757909795201442
id_nqkrnumlsr,17.198837989135964
id_vwov477zro,15.556562599550894
id_k8t4robso6,15.515611333760145
id_9574e2s4iv,19.56390907106068
id_g6sz61x3ui,26.385627416933414
id_65fdu115yz,14.82560606515454
id_jvvhzyikro,18.714661993516962
id_mjtm49jd0e,21.22086105585128
id_qisen8bs9m,24.905012034078325
id_4qcwh32n38,18.76626208327671
id_a1jgk8addq,14.608918801609079
id_eoh9eceljc,15.50339890455124
id_c9l6rfivhx,16.23839962730284
id_ity62l2ixr,19.640786569970267
id_b1kdt1v6wk,20.501782439829533
id_31slek226d,18.06364451621935
id_r5hynclox4,15.511169161417495
id_1zdag4te8b,21.16984753569515
id_9cji7mh5kx,18.074790778113783
id_pgt8lf7tci,17.639082493932463
id_9xwjmedzm3,20.671426159878187
id_qmng1j2b5t,19.13507991934538
id_lsjhv6dlig,22.111795955343474
id_5ei28dib31,17.5141767459796
id_djt23iw3mp,27.443642720745174
id_m9oojav91p,18.554305029553344
id_oivxgblcp2,19.28504344047487
id_0kdvltw7vu,23.123708839934043
id_6w4ajmwc5u,25.449234961834982
id_urkooowq9s,23.72309235760275
id_zj9z4qj012,26.37046350948401
id_8ziogga8ul,29.102784396176425
id_3p9o92k0y8,26.79173002841042
id_nys5746v2q,34.735030567827
id_lfeylugwfg,49.7915968941618
id_doohdtcpi0,51.56653051466502
id_gvsxbrs2ay,49.82131960215445
id_tazjayaiyz,47.20518861657857
id_zrpmkxoezw,44.71866535479177
id_sqmq0975df,53.56145475178297
id_6lcd3eygj3,53.64433490062403
id_7rpimassqp,49.2561658531303
id_63ls321ztz,54.41407649964766
id_tkciymn5hs,46.64500764123369
id_kasmldlvq9,65.27278225692245
id_1mrr0piel6,15.54595905730418
id_8dlgnof1yt,15.146122591731961
id_ayhykhxv08,17.757909795201442
id_5veb3455kk,18.061839541900973
id_0gw6p17v8i,17.687244881478755
id_h21k3oibhu,21.46160821316277
id_onax36r19z,20.62020848188351
id_kf6alfal6l,15.187287822627082
id_rgm4q6o0n2,20.480803388473007
id_051ag5i4ha,18.048381784478323
id_03ajztlcgf,18.43509977391926
id_h1gdh0ctos,15.182315541924016
id_wea0tzo38s,16.74047845138142
id_d77c6v7xlq,23.00818127390284
id_o5czlw27eu,22.683715897282138
id_z3b6rgvygb,25.098082021357435
id_iwwln55ll9,19.715502979190035
id_ctyaqjhqq3,16.144383212160385
id_bk5kqdpcvl,16.665423557067534
id_lcaeji5kvm,16.630779968065443
id_4iuroyo095,20.36825551071081
id_hwhg2nzcn7,20.465874294407364
id_zfyyzm0tfl,17.115995197091102
id_aks304uagg,16.810504885904372
id_5muf55bxe7,24.80052432914338
id_or8005ins6,19.722525855803635
id_5p0q5jonr0,21.42887438027088
id_qjskvygs4l,17.818873880104775
id_u5iqw2tz8v,20.15134353935581
id_gckh1uiy17,22.302983484006646
id_8uh4onl5v8,20.542283731922193
id_46wh4sy9gi,27.523316219515877
id_zd5wtd5tmi,21.619752547766986
id_8tax5ieqth,21.344377324582236
id_ouo0ii1gd9,19.284620167519595
id_ofkcbq4gav,21.4775763517452
id_yak2zy4o8d,24.04927245083475
id_lmj3zlydl1,24.83262567571284
id_r5cm1bhxkl,22.234806459590292
id_0zbo52y2xz,24.079466238884756
id_obd90peb73,25.141413203921413
id_yubp5ipspp,27.97166077883114
id_q44cbuudsn,28.104572686813988
id_kav1f2lb2r,40.03335580568037
id_gxbkwk0iez,53.252669229538576
id_ek9x8hre7u,51.482007192222234
id_r871vcfbl4,50.203516233771424
id_35iwrmt1yx,47.916941716973774
id_mgt3ob9nni,45.12473933323135
id_ata3d9u9ij,54.302162142178304
id_389jy0txmq,54.887783373941915
id_oaaxhllgnf,52.51945453940973
id_fpoz5ozfg7,53.88719883168024
id_hygp8jfsb2,46.49648856665216
id_tgmi1f70mf,64.47448031804016
id_8xhlkfw0vd,15.750291633751676
id_n02h09aa2y,17.658366541242774
id_vcfstyofl7,17.626576128291557
id_jjreek4wj9,20.5174890333751
id_x7op0k35jb,17.799721733006464
id_m0rro9r1gv,22.715046962850543
id_9ky9s3jqyp,20.357097377687676
id_ohpg2cpkpk,23.526050987852614
id_s13clcy2o7,30.78296800362883
id_2h4f3oh33x,27.865365057624114
id_lzsgsz7nuf,31.726309021597544
id_gnfl6qhq2v,48.49302447822526
id_izavvighqu,53.815227322425734
id_5mk7jbh470,53.491559353906744
id_y78kz2lj7d,50.191297479196436
id_r0jik026d1,53.4120383492939
id_4l552ar61j,53.282680287159856
id_yog4iw8i1o,54.54139289933568
id_pv5p2rds8o,57.18032879122722
id_1k5akrmzgv,54.647831007868206
id_ks7ucfmf06,55.90558308398833
id_15cuw1it4j,49.53024883768667
id_kfgdu8dkqk,52.397822442771414
id_aa4sqe4emy,45.382600893079925
id_zytuipkh4s,47.70453834748775
id_753xfgjvu9,44.128770043082284
id_lpvtn9w0zv,48.990098343991406
id_7asrrizo0g,48.37309690158428
id_8bwlfohvu1,51.43055227129556
id_1hy6gjm6kl,65.05592336478418
id_lcbe5mxkum,14.328681607847386
id_4fe6r13wal,18.512167288176848
id_ijzj8r2su1,17.531649104767215
id_msz2inba0v,18.511179216159324
id_qd11jjsx2b,19.420692462027542
id_b47e89k3ve,16.05313127547458
id_7mb9t9x9tu,20.784662919561757
id_mvbhi84jmq,21.623005762242627
id_3yqqem9nei,14.327170618788614
id_ivvauoj9x9,18.657470609170133
id_3jy613lg44,19.210434168522276
id_m91x6rqccu,14.836978460664037
id_8q076jp0mr,16.870985461257547
id_4zcmj012is,27.10423777463711
id_kpjiqdh6zr,20.1592316400589
id_dfajl055xn,17.87566576469895
id_frm2rh8uv4,15.869782392877356
id_yo72un0uym,16.05306301411047
id_wa7g7cyrfb,19.457806039151567
id_c0600luvkg,20.360871560949498
id_55u72g0c0l,18.309832604650943
id_efc4gex2lq,17.043770822877455
id_cdwfcwcj48,16.34364629538825
id_yc1gty3xqz,23.655103068799168
id_867am351jy,17.231047739137505
id_sf4b9w2jdc,16.127443695322786
id_vsa8h55f8i,18.746613360840733
id_ovpfocbku2,20.146389676683512
id_xbgzqf0szs,21.727854641269847
id_15v5x12fo2,17.226224772534543
id_gxgs0b70cv,23.65620654675596
id_g13m7fp2dp,20.357097377687676
id_cav3ox8jtj,20.85662896217503
id_vhu174dncs,20.923207649948424
id_o6tcsfwljz,22.420284793520402
id_98jqgum8n2,24.60285865291232
id_m9og9r3r2y,21.993043267354892
id_abn9ddpwtj,23.505950007089336
id_4zxljdntpc,25.038835418458078
id_y6howqrmjh,27.504057270424234
id_5ke4foxu8k,29.531823786084644
id_hjqgkm27l3,28.104572686813988
id_f5i3m6wxqj,42.10362272454877
id_j8hsu09w89,50.090268950483946
id_czurwxut83,50.11500771958409
id_prz1am7w85,52.67677942502897
id_8bkmhgqh7f,48.71417144348945
id_yz3ljcsheb,45.12473933323135
id_ss72nbk35w,52.057019603999166
id_gix31lwz9r,56.98107403976546
id_n5jqluy02q,49.65479049680501
id_vsz8smmdv3,54.60160114910512
id_hg0e7skz0t,46.762090481653196
id_esawyovxf1,66.92404085989583
id_snv67pqv74,15.539789618678265
id_9htd0dd4o4,19.457806039151567
id_wvy11x9u8t,19.904844456599026
id_biytotjie2,18.309832604650943
id_xtb5hfw6bd,17.043770822877455
id_65l5hak91b,17.837459050916017
id_16p4qjzi91,24.079785137133648
id_fa6j0h18yu,15.643952925682777
id_0hpi956wos,16.121245798322448
id_6llaal44lz,20.21300564921878
id_bg7586se6s,20.146389676683512
id_dr24ka6xxv,21.727854641269847
id_zova02slaz,18.007182681866215
id_4aa970r08o,24.74183507918981
id_5v2k81ndi3,17.821911277084563
id_w0w2t7llmy,20.861902988694478
id_3v0pkvcpfh,19.647750496847856
id_5jyp9jh31b,22.420284793520402
id_s851gktvnq,25.35434992206824
id_0c31rjprf8,22.005224659260207
id_iclf8934dw,23.505950007089336
id_i0kzmw9707,25.092284029076446
id_mh8gne9yti,27.213063071462447
id_ztrwp444jx,30.78296800362883
id_7pzbvg9uxi,29.42157622532828
id_zyh4qgghaw,42.094886275720725
id_tirnjget2u,47.24334574224453
id_f89ptvm1ms,52.29231459761451
id_s5dy4d934y,53.491559353906744
id_0h4f1xrjyj,49.29809693292846
id_rbat046yjy,45.12473933323135
id_6o66xnm1yu,53.48147832557282
id_lv893wwhs3,56.98107403976546
id_t6381wgsi2,48.28689193059657
id_sgt84ewftt,53.61583408234124
id_hbt3rrighm,46.762090481653196
id_gmsjw4fd0u,66.81835677885914
id_ihxgrbq8bw,21.663219562033404
id_dg6s4fhiwe,16.32757389899147
id_f7hwwtmuzp,16.24857155211046
id_ioese5awdg,19.53108947439153
id_hdw320zpls,16.583333391476355
id_wnxl0jyxdm,16.474381945778802
id_irr46cfvrz,15.871090737003524
id_l3lg8y1tar,20.53439244741959
id_9bzncgu7ap,17.34259343212801
id_tq8gz80e59,21.183603670348358
id_gouch6j71l,18.736831963181917
id_gvg6pup3v5,19.247159488197436
id_xsyh8m7o0c,15.362855844604073
id_hsr9nym75x,18.267334403875317
id_kk2mprzws5,17.681874733393233
id_zztb716ruj,23.588459025408266
id_nc37c47azq,26.364984568531785
id_aq2zwrpazm,19.40129208882622
id_1if5noe1b4,18.603000600446634
id_9ch9qgghhp,16.72055710491746
id_i8ez1ppqtt,15.530508436098968
id_1gzede3sx1,20.906469102008803
id_c0cjjirgpf,19.858560290361716
id_y3cgdjsgq1,20.55817511792879
id_hqfk9eb7i3,16.3055937332334
id_heuv8vkjh4,16.323427271331717
id_fcoot945yi,24.107763705711054
id_h4j7gdpygc,15.643952925682777
id_0z5dftxu4p,18.737098890871422
id_0l3lpe7b09,16.779649842624515
id_q51pjcyt8q,21.687805306042804
id_5y5tak334a,22.742883712875805
id_ffpap9n3bi,19.696076452709686
id_wlrkf9c15k,23.503292653078052
id_i2rh9ih3f4,17.65030982226492
id_uqm3krxam7,20.898034098882
id_3iwa156mvm,21.36781274718324
id_1lz3s1bdxs,23.213628894909327
id_jmqt01idjp,23.395526536997526
id_8gb7nw0rmx,21.94317768395048
id_4xwo0p10w6,23.781641505642
id_m5bwlzsq1q,26.5827784974555
id_z4d44hh4z0,28.13643994455075
id_pmh6yxhfva,27.682370463141478
id_35d6qsok4a,31.220085173148753
id_77htjr9yc8,41.76757597257375
id_t8vdruehat,48.65976466765568
id_jckj5zjs3u,51.573237633995014
id_iaz7r7qv9z,53.04179148329228
id_uifln55ls5,51.44052513948458
id_d32frejzqm,46.31172893980572
id_exdub9ncvr,51.39035732765238
id_mxkrqowab2,56.448295790130004
id_y8ho5r6i9n,50.786518170483546
id_fiygo06opn,53.17919901954539
id_o3dfdr4sk8,47.84803224207863
id_akv54mqumg,66.0674056034216
id_ako3197fah,28.501208422335022
id_nprrbmfek0,25.82423826688781
id_bmxffkemr6,24.68448368142163
id_w7doelm7x4,26.792423160643395
id_8z87l1y49i,20.750066549539547
id_ebkjvn720n,22.07733535558905
id_tc14hgelz9,18.33741687352051
id_a574b55rgm,22.957065250270677
id_dz6m95a6g7,19.964407835449876
id_wei7m8hy0n,17.960148575363384
id_hj9g1ena8l,19.987154645858972
id_hxkqt31oj0,22.98784735331232
id_j9xr0ullvp,25.04637963771768
id_dhxexr0nl8,19.789731967175147
id_thyiz3erhs,17.857770123829887
id_vfer04eoj5,13.775591100401048
id_dtjlkdb6na,17.721582533510762
id_wjevf26x7g,25.106178251425106
id_js2e45rmts,18.772837201798044
id_h4sopez1xq,14.558806722687027
id_tli2tt2lre,16.032022239657714
id_nml7r1ihuo,15.610430935623903
id_ny3rzr8dw4,17.893474926325133
id_dgyrdg3c7c,18.517787282586397
id_5xl1ofkel7,17.098226131679837
id_s9z5qdtsok,21.512099683294647
id_wzznck6hr2,20.45754897394679
id_2jrs4cf50t,14.777598248589332
id_zr9i8iyl05,18.88886476956418
id_ywr3489vgm,18.158661795215572
id_40yosi6uqe,18.544530994059425
id_hvj85b4s27,18.077259505110863
id_ve7iodkk5x,22.068900671691505
id_prcsjcgmvr,24.01348765886307
id_urporbfca8,20.624699714600055
id_hnh9veqj44,24.163129162013277
id_66ujv86e23,17.847823246597066
id_op00lvkxjn,17.57776336800587
id_0h1a9dhuum,16.17985042527467
id_ng6gkjkewg,14.984208757072949
id_u3q353kzgc,20.247327038374273
id_ykfovbo3gm,19.741235849151995
id_k2wnuw9gop,20.74380296324315
id_n742fvx1ah,16.546397644750655
id_ecz5hhz0iz,19.673325293190455
id_t3tupepv7y,23.601363055585594
id_touyxi6cd9,19.22399900598176
id_fv0z5li929,16.817669994050576
id_1rbmh121yv,16.40676586344924
id_jxivfqw95m,21.15910022735318
id_c99mmbda9h,21.527570517918498
id_amvzqnr8uh,19.593016114627194
id_vd8i2z3hob,24.65715686013716
id_sq6qs6ygpd,18.22652733972414
id_grfpl7lzzm,22.972977541194922
id_rqzxw5tozc,18.628971372375585
id_74zv2ut2b5,23.59776158062226
id_je1zddxbcz,26.476781931449572
id_p1lsa0r1uy,22.393589614044583
id_466f3sjyaa,24.25301508809293
id_6bji5k248v,27.315492964352785
id_xmf644v3gg,27.576249148160635
id_7ww556yt1z,21.66933867657623
id_1kv2mm53gl,29.906400621073026
id_gogfzwk8d6,34.78188469626605
id_4ijyknjpyw,46.46282309527975
id_51yb1ejvyp,52.73081438056797
id_e8kgwianqu,47.83943167632067
id_01xma9jtcq,47.67972435121059
id_b4c2qvjsq9,46.81804964925882
id_kkxio9kyth,50.03561362056175
id_eo46mly8qt,56.44557141039233
id_x6q1xzuux5,46.790876588564764
id_o9paw0x3kv,53.79871886048535
id_rmptreswq4,47.83647926100877
id_t3b2vd5gaq,35.476193241616365
id_ss8ixmpjdu,14.641338781733188
id_8v78f3tzgd,14.963142692588558
id_1mnkwpnpkp,20.061347963836383
id_jxl5nffktz,15.102143762200921
id_k4hums63fu,17.745855528230322
id_cb40n09vwf,22.04887186886219
id_ojvdj9l7ir,15.997037985662171
id_8xzd5q9b2n,26.952515743514926
id_a2oil7cfw8,19.772278197268204
id_3eb707sqy9,20.635534415306022
id_fqpoallv5t,19.428039641877646
id_a0lghu0yk4,21.506393063278104
id_2s5h4jyu48,20.43208164514131
id_tfr1w48698,23.24843416391437
id_jw7cwte35h,20.94885040366604
id_4myw2ppn88,21.706049074355608
id_nu2j6ezn8a,22.100226079752954
id_1pi7rar7w0,29.10690781868343
id_lp1eem68uu,25.088510342502513
id_i59r7imuxn,18.010858368342156
id_jfhvjfzvfa,17.34166468087025
id_co08yelk6i,17.730494265670004
id_ozh35h3nct,15.193347418793204
id_cf9woqagxi,18.02576002653349
id_4pbhg788eu,16.972466628057944
id_xqnx58hv20,19.343411949660428
id_g7e6fyre5k,18.906175084175953
id_i5kwutfr3y,20.52398323207426
id_xl68jb742r,22.58495348418179
id_dcvf785h1y,22.612105409181066
id_n38vpdzrl5,18.926328252497406
id_8520840u02,23.012457615437008
id_27mp59yu1m,19.279297835525178
id_053nn3pbfz,18.895108622281388
id_1hkqlxmn2v,18.648670730906172
id_h8b77jfadh,20.607647287118166
id_ohfvgfke8w,19.280994755420622
id_i89aiadf4j,19.152967403009974
id_dczobb4ttq,16.55260405471202
id_xu9ib17loe,25.979872695376308
id_i9njn3noh7,20.768984791070004
id_90v0etup0d,25.020288214715688
id_9p6b0j3eu6,17.567875112901696
id_xbtp6hvq7f,21.72556237134141
id_4p48d96fhm,17.16257181321196
id_34ll84rx9f,20.430700073293036
id_xvk1eas2cj,18.984884711217813
id_u3byzh8on6,20.599455616605706
id_9mmhnd07no,16.43983000608271
id_tf59fmc5uk,18.420439948039927
id_eu8lfqr566,20.439165130520443
id_quspwoer1c,19.279523932364974
id_1udgdtpt4j,16.534564489113702
id_mp1wgahaac,21.779756361164225
id_ah05rwmnc0,13.791049757106785
id_99pzz5yuak,14.814021945870184
id_sts4gl2h3h,15.251595001854234
id_wkw4zd0vo6,15.913468341897891
id_42mzemmqf8,14.561391282110227
id_pfup6tmwcc,14.502998264135359
id_g57cpderdh,42.35761771953652
id_4e0oh24nij,14.551458825947986
id_wcvcujkjfa,14.736520026686215
id_959hw03dsc,19.265950038433303
id_mfcbkrkwil,17.582523634247238
id_it7jxzllrd,22.85792787382436
id_8stz7b6m3b,19.771747304498167
id_6w3q8g9iws,12.67787259725152
id_w0ee2fe65l,14.885495551456508
id_fhgz7wzae3,17.433780786480842
id_w2rchmas4e,18.79990765613585
id_jmo9wtwu8m,19.08359620543774
id_uerluxmuy9,22.82351966492378
id_22yl0qw8q4,16.185462631555886
id_a9oc6x2g72,27.516566905455324
id_qbhgqc4yet,20.543570129452412
id_rn6vcvicw5,22.229154435300423
id_ytcdi9ix3q,20.58200964375994
id_qzfdep9u3c,19.863834464488995
id_33pv489fe5,23.474422618545837
id_u1gjjizqyk,22.586325430868516
id_w4rf4iv383,22.781059228858915
id_3zb1zekfcs,24.353271959969174
id_ertzpococf,19.419056521018145
id_y6ouxkmf0e,21.08921634005064
id_q4dvl9exoc,25.89326198520441
id_imi2dyvmxc,22.716013749038108
id_8flbm45nba,31.593718031556342
id_0d93zxtus4,22.43249989771124
id_xfxo3cb3tu,18.83521680825948
id_h8j2nrpseq,17.71992274942074
id_4gw4m9unp9,17.999651187984284
id_8lqfepep8r,17.90906971204176
id_lbql83v1pa,18.217709519374623
id_18r3kupks1,15.574658043695022
id_bz3fcm9azs,18.51044192348104
id_vxwc5l36hb,19.56458401957291
id_1m3ayw8orl,19.372962544540627
id_n7s22ti3u0,19.087408804213823
id_7ml18gt65i,18.593206620363112
id_pu8pv7gwz2,26.572654881038517
id_ru43es0zjg,21.80363335694763
id_n2y5dyb90j,22.58495348418179
id_v6dywtd3ti,22.612105409181066
id_gpm9b55dkf,21.67748986690723
id_envkemqd97,19.52395529525377
id_rm0pa4kk4k,21.267999972254984
id_s1qxkd8ot0,22.83197869776638
id_bwv1d5pcax,19.146572700116376
id_cvbktrmvyp,21.286265828623044
id_k4zxmef1ve,17.720534687782475
id_61jelkjb5z,19.657188688216714
id_0zwlyfwhg4,19.749654725100985
id_pipj3ap8ak,20.976556872768175
id_84xzjh13pi,18.31034196753899
id_zxct0q3dqx,18.975438041842875
id_5vji53n55u,19.877646599990488
id_7mup88cw2n,25.3442924758612
id_fomq0iryjd,19.18813610395133
id_5mq14kf61k,20.868532139892398
id_6tfrbtojwh,23.36752118325844
id_p1syd1j82p,23.67413965863205
id_2efu8wsf0t,19.134865404062378
id_nf6oaj6hmc,21.44818915880972
id_6szo04nr0p,17.471698050280573
id_k3zqwshvxx,18.13460001767305
id_xb9tzd4tni,21.657321620017107
id_1g1133mxj0,16.917759373520344
id_l51e1wtruw,19.581545241023704
id_qgc87e79ko,20.09383706323227
id_2efd5sv0eu,16.12849301687349
id_93di8172pi,20.572238125052458
id_b8vvdmeitn,20.662955740825296
id_ci6fg1tigr,16.785474884092878
id_c1zgt77fyu,17.536769019755862
id_78t3asrjbf,20.761533989578552
id_6oanpv3bs7,16.1318994309387
id_zdhxor1yx9,19.981732008092678
id_hjug95reos,20.082440371483052
id_q5y6b2vxi5,20.593345869459274
id_lmmep6vt6f,17.765027348558014
id_ur485xrowj,15.477328566485834
id_yh8jpakk4u,18.663772779763725
id_xfom70rd8q,20.28131367174324
id_cx4og6dawq,18.912035327035344
id_bxqjc4lu8q,20.346313387810138
id_dfkdged93h,16.729786165966075
id_wpc07nnnn9,16.061318356174283
id_3w6yxmo14o,13.492435638618865
id_9xhx7zdwqp,17.168368408540168
id_fkcu4ryvmb,18.898676024510618
id_iydvhqnjpg,15.533471983599565
id_xfd5bd6mbb,14.30011917573411
id_pnfc3lxqxw,14.502002852383415
id_2fi5bq6vwj,16.69952114698068
id_6viyil1331,15.468905436738012
id_5gwjmv15on,18.02981283871638
id_76bk0rtwtl,15.866087962117891
id_f60ku7tfev,18.332509775006073
id_h191utquex,15.697466228906116
id_wi04z29d3r,11.596045822752359
id_fbntyg7wwr,19.332367567677966
id_v3zrqsqzxo,13.909744852902259
id_bw1b95righ,19.22221173986197
id_zp9ylpq5fk,15.221945042943817
id_t0g20s1n6l,16.264100434752386
id_dktjg2pt79,17.306736288800032
id_mik9bcfz5g,18.581380894800635
id_t7ahyyqmpl,12.809322254652786
id_mu6p2nd1yv,19.084804321224237
id_lff5hw3ol2,15.342446860054704
id_eccaetzkfx,11.108061071977527
id_z5lh6tnhu3,16.460960043837286
id_vg90abt8lg,13.44915794939693
id_b4kmym2z2e,16.588040993073776
id_a4bm9lp96l,16.65465180411912
id_ph0f1whio6,19.698665783992134
id_bn4murbtsb,15.316535260593831
id_mbkfsw8xc9,17.222967683978506
id_e2ybasubxp,16.433172085371663
id_6i3ti67p9g,17.741930152550097
id_bec40ri158,16.661638997182543
id_zacj6i063v,17.24823259581769
id_lol7o2igta,15.298070045991679
id_m2m6u5m8oo,19.4471056326884
id_g8kpxolorf,17.301600264926908
id_w57cuionsw,19.609704368572366
id_64x7iknxnp,19.9187250857914
id_umk48ombht,27.389200316649156
id_w8cmk8r8vv,16.566285672593974
id_vj0wx6wbs5,19.991545462213793
id_w7sma8wi3u,21.85497573238107
id_oqmb5rhi5m,28.69669573523568
id_i4y106oe8m,26.575194536691114
id_biglgqqok3,22.67968385558389
id_6026c6cyn7,41.92650242897728
id_ixvjw5pg83,41.49124158163656
id_w6kanjj090,40.24698124433931
id_qy2xteqn7k,33.262366735856084
id_6oi09e06us,36.83985113838087
id_37za3uvuvh,29.48411883972706
id_e1rym2u84c,40.213095926007846
id_85pjz4b5rl,24.529641603527487
id_oew67rrlis,16.940581956104314
id_byzy2benp0,16.022397211615253
id_16qarvdtx3,16.591130871923944
id_uxi3qu4l8e,18.18489434049561
id_vy83bxfo5s,16.594727630831983
id_z7ibc788zq,22.62639487519526
id_kbkbgy18jq,20.1782396336459
id_4zn86s4tbi,12.67787259725152
id_evx591r7y6,14.84822735410368
id_g6ojnnx069,17.433780786480842
id_7zixl3q2bq,17.28080708438962
id_0d9a1agg6b,18.891668518826286
id_3xt09a0de5,22.82351966492378
id_jbhh44km3c,16.825402136044247
id_5k2iegwee6,27.516566905455324
id_gibzm0hke2,20.023214671926834
id_zl5phiqojd,20.635534415306022
id_c15wxxvb75,18.408763175763788
id_dau6fb0sfx,19.89350318867568
id_z9dk6h8cfb,24.317540539244447
id_uvaqu4nzmb,20.73789357583798
id_qpglm1d719,21.87053210596412
id_ct64dm03s8,22.88567586217121
id_is4l5fwjuv,19.36493433152355
id_vh0bwrobbe,22.133337545097074
id_b0mjh0b71o,21.86409404974118
id_0bpne8ucld,22.74418077417845
id_kvvjrrryc4,30.92792209638177
id_n5ybzqzepc,22.630341355550275
id_jaimxbu1pd,19.158606994206604
id_0l0w0orygd,17.71992274942074
id_lv55afmf77,17.999651187984284
id_9mfp6fw6w6,18.03854859516056
id_tafpzgg3t4,19.07083169571635
id_tiipv7kgu2,15.497995265180343
id_kwiv66i7i5,18.51044192348104
id_nl69sct7fu,19.56458401957291
id_l74jt76ryc,18.993142550165828
id_bxgj47nybk,19.360421135715015
id_923xwmt66s,18.934217403924837
id_aq97mswwiv,26.572654881038517
id_4vrb5vlcz7,21.71924538647418
id_xayf6v05hn,22.6320953024283
id_8pk1rf7oxo,22.612105409181066
id_sq8128da6u,20.901085001394318
id_8ihfuq3i8d,19.52395529525377
id_87jd29uf6p,21.267999972254984
id_4xpx2dt8ki,22.83197869776638
id_hqpr9h9axr,19.146572700116376
id_1k55ze4pps,21.28456044283237
id_2znei70wfr,17.77254078728761
id_9hhcbap87f,18.18620549077903
id_hey12d7qim,17.784798666496467
id_lh2vl46a2o,19.305136111681552
id_yr2wo25x72,18.83166756974233
id_t52himkovl,18.975438041842875
id_7tvjar0eff,15.342446860054704
id_i208pdedfj,11.108061071977527
id_d77mj6yxxd,16.460960043837286
id_jh49madd8v,13.44915794939693
id_cz441c0g6w,17.989362913172094
id_l9egn04p70,16.65465180411912
id_aof0geeadz,36.83985113838087
id_l14us4afx1,30.913719529109414
id_cyjw5nlwm3,40.213095926007846
id_gzuqpix1lm,24.463750688626348
id_18o8y735s3,19.17491154971701
id_wcox1ibc1u,16.22174732743364
id_8mteyw4ej2,15.76268028318189
id_yhr9822dsa,20.121655335999307
id_kx6r0n5p65,16.993335528459774
id_yll8ps5xps,22.933154265448884
id_2ss6w9mkjs,18.95086379288263
id_dywpbbt1rz,12.67787259725152
id_2sovq337ib,14.689111483870802
id_hl6vkdm5f3,17.43327310248025
id_7rweve2gtx,17.28080708438962
id_qenwsj9ypf,18.93337800010028
id_7tr958twwi,22.82351966492378
id_4pss24du4u,18.075385546694754
id_pvxshz55hm,27.373642088163272
id_hwn7gj0gnq,20.023214671926834
id_34w3aboagp,20.53033761191708
id_slzxbjxpdd,18.504549951561184
id_s9fvyed2xl,19.89350318867568
id_ojo4ns7rvu,22.89489646012645
id_oukj9m9l5u,21.16928556549022
id_4dncovxwgl,22.772485779483315
id_lhn0wnsi4q,22.826486288527175
id_8qzxmyj6yo,20.038969978071776
id_2st0ywh4w4,22.535511457124784
id_32luqy63su,21.86374819690209
id_z09r8zdwpl,17.142478892100964
id_avet97ghyy,16.22174732743364
id_8xxxnyrpzm,15.311919925854827
id_5mzgmww3um,18.481916872134754
id_8vxge8fi9v,17.582523634247238
id_jnw9eiv9ni,22.071001938060547
id_gaui5cuwn7,18.95086379288263
id_bk4agfxg5e,12.67787259725152
id_5si10x4q6c,16.55661070682975
id_e9emj2d53x,16.95406795071552
id_9llllv5i9s,17.28080708438962
id_mndm12zy06,18.93337800010028
id_2pxml96i79,22.82351966492378
id_oi59maxbit,16.460744157118288
id_tf7klyuj5c,27.391326736062005
id_jf1h95hidf,19.38014261157635
id_4njytufcfi,20.509102547206247
id_2zbs60m1hv,18.321830661842785
id_kbe0e397n3,19.869819849648845
id_attl7s5eit,23.573524851909177
id_jyqg51mks7,20.53845502318738
id_yvtlt4qsb5,25.13904348001788
id_ququ54p5qn,24.51932022816518
id_b3olj60ip0,19.88508607713292
id_ucm77r7n42,22.439060468624653
id_i94hu4l2he,21.86374819690209
id_sem18a4eih,22.14437939009177
id_iu4c2k0vqm,30.707942999116877
id_jez7q9vvpv,22.43249989771124
id_0g0h5fvenr,18.319867302429856
id_leyce5nz7b,16.588449593041382
id_ctiuipzphp,17.999651187984284
id_1uq7qu2no8,18.03854859516056
id_ag7p6aauq3,19.153102967834343
id_4v2gdi94ys,15.627692982380946
id_oiz391vhbb,17.614983425418295
id_dkh1dm7jv5,19.56458401957291
id_xp48k28xsx,18.993142550165828
id_8hzzltjopy,19.23430895007298
id_jxwkemji67,19.076320695113584
id_9e6zoef7pb,26.89769887712594
id_kw3reqh73r,21.152699249127394
id_i3soe2f356,23.079063136560755
id_s3sjs08z01,22.82188818798805
id_wgstp1qsjl,21.07209322854607
id_c79996j5ij,19.52395529525377
id_xyptp35mvl,21.1024746211458
id_psuhom729k,22.772211019315453
id_pow9jv5ucp,19.38616181925829
id_6wvbbh34gm,20.940329613955495
id_dt7c3hug70,17.720534687782475
id_j5p89q7hag,18.789638845911586
id_kc953hqc6u,18.389078011062313
id_lc6edh3b2s,19.305136111681552
id_9spkaqz73s,18.645177755711607
id_3htqh6ssl4,18.877006010695847
id_zc1ovm5htd,20.250130962163343
id_w7wwg1utwa,24.14322773241248
id_25epdpbix4,18.94794080361584
id_vs0hncomou,20.896244597466943
id_reegezw0zr,25.504831997173333
id_f6x16pl89y,21.053726326245357
id_9a8jkl3m2r,23.17223423100547
id_hoz5wrgxox,21.139587107174783
id_5ziz8chtiw,17.206889939742045
id_l1g99w61j0,16.9220016229339
id_40onwzmie5,21.146163722950458
id_wplsrqbqg1,17.15022474465822
id_8zk238knxs,20.126886926089835
id_0u52beiaqr,19.608004249972545
id_g8dmi5cj2u,16.12849301687349
id_qvb2pi3nbx,22.179507321605527
id_9ocs33mybq,20.662955740825296
id_le65pdwgzs,16.762409084189727
id_kj6oinfm9j,17.264407354921325
id_tiqxiw34y0,20.88373310954395
id_j5q5ukj913,16.449711951819474
id_wfsqr784ue,19.926107338542757
id_19yb602oya,19.91627604019172
id_p5abbz6sni,20.808967901424282
id_sj35fk9ewl,17.765027348558014
id_asczdnpq0c,15.06214646729513
id_bcoprnh1dh,18.141320503134672
id_4hnps4a19v,19.469672885786014
id_slby4mvn69,17.633120706243236
id_fdcwmf2mqw,21.351293090483228
id_pc2ol1dymd,16.86876844454991
id_72hn9xr2mt,17.088805682877044
id_ooylyenf74,13.492435638618865
id_7c0tvcd4mf,17.862051197652214
id_vo7qco3vo4,20.32192733410586
id_tyda8qzu9y,14.43050995673865
id_qjo74p50vb,14.10499568532887
id_qftdjlnuxo,15.263288917387547
id_8zkhvf7knd,15.157342175948116
id_zjdfiws1ze,15.468905436738012
id_km0396cm8u,18.02981283871638
id_0zb66667qv,16.191984705375084
id_xkul5db55f,17.980832511839903
id_0882wi4vll,17.223707813153375
id_vyjoukh7a3,14.126630927464184
id_mgzj7k2c88,19.387728655204
id_mj68hapwjy,13.909744852902259
id_4k7w1huz70,20.52628362047651
id_cc5r73bssv,16.985404126372643
id_lpc3qqqc79,17.099554425745026
id_dgd25e5l5n,16.964582428525567
id_2u5h8ssj8f,17.71299657083675
id_qekvi0qhbi,13.119893759901455
id_7t5rwbvncv,20.10486170969867
id_wip1lfenhd,15.342446860054704
id_fz1zlhsz58,11.108061071977527
id_fzhszn9qgh,17.044317110039586
id_drhboq2o8f,13.349703689974517
id_67f2qgxjr4,17.989362913172094
id_c9jyqp5ts3,14.043504069580065
id_o5nsm6bufm,13.80051113576324
id_fliahadafe,15.90807157262066
id_ljzcxva3j0,17.26379883674359
id_4fg7od0p2h,16.124838235051588
id_r0bgionrrx,15.230328796075698
id_5mrclq7yja,16.661638997182543
id_v6ji6xpykj,17.474772134356847
id_gzxccfruiy,15.298070045991679
id_rch18sl7fq,21.97881326938364
id_dycgsa1kum,17.12811954077874
id_dh2z6cu6bu,16.546989252677395
id_b3ij5seund,19.9187250857914
id_tziu881h86,26.208913273703985
id_321qju313s,14.991921935364935
id_dngcm1ubxs,19.434039670994714
id_vu0rtf6isv,23.92630556397672
id_tzfx3hbsak,28.71394937147089
id_rhg9ghnbc2,25.73453075324442
id_9hkqfrhrxo,22.617883377669898
id_1s9fc94wwm,42.45185871117319
id_6l0a121qin,43.07041905170995
id_iblicy6lwk,40.24698124433931
id_galqj45a9w,33.71644821218116
id_1dg8zj0o7z,38.2386137999338
id_9x63i9uu20,30.323920110358973
id_n4mgwkvcyo,44.91423105559359
id_h9o1enzmn6,24.463750688626348
id_444jxq8ki8,15.205434612382295
id_fokwurehqu,19.93349553901756
id_20s8fncc9t,17.341803415211928
id_ifa0c3dcm4,22.589378734595357
id_bl23vucby8,18.95086379288263
id_o1949nqyfa,17.456288252626763
id_y3f4c5fs4z,17.388014342208486
id_kdox62iiap,22.82351966492378
id_r8f5l77m7z,17.20085719850453
id_6xieqd6sjk,24.37455456850913
id_g3poszpaqe,19.19579361726231
id_tv3dx937tm,21.75755463466242
id_kufhei9qi0,18.283453379159297
id_6xvj9dnlf9,19.89350318867568
id_977w9neez7,22.810242504631233
id_74zzcs47si,21.174201612744177
id_dkzrsecwur,21.398199019217373
id_fzaay03gtj,24.762882325936864
id_2qlkll1nti,20.725495983002595
id_dkxo29nkhe,22.494816036371063
id_8z4hu1lzg6,21.450290622689568
id_bketz8ikkp,23.01975177925995
id_qbn6ng2ro0,31.14738469667512
id_pa1p75uuos,25.974855548910707
id_hgfifx9q4q,18.41165492540506
id_kqxhxu0vxw,16.68376814305944
id_eso5h6en02,17.356766159260275
id_tcnlwhm6by,18.03854859516056
id_2jgdesoznn,19.579604943089166
id_q1prt1nt1v,18.959196645023166
id_bpey1bdu4z,17.544681426920715
id_0f17xoy417,17.92561849564035
id_benw0ms5bl,19.23430895007298
id_ovvvd62h5n,18.93026851147231
id_8w0x0v8vc8,24.156116477810777
id_sr7nmu5cq5,20.848021091284373
id_uz69dxquyc,21.355412834545547
id_058qup1czp,23.73415150977701
id_9xdm5pzodn,21.08040258556306
id_9xiabniu8d,20.09217415680399
id_e8ov3f0ec6,22.972376639464503
id_ztov1dasd7,19.210242246119893
id_u0dv0t4gc6,21.306182711992037
id_vaexseqp4z,18.033385298408415
id_5e4jtn2k5u,18.153933672902966
id_g1f5h70z60,18.373955322119713
id_ei0npa3d51,18.684578125632214
id_w73v97w9dd,17.239774988574947
id_d01h6zb0k7,18.298938201328124
id_hajvhq9a9k,21.85851409840094
id_wfej53asol,19.022410489111817
id_wkxp2kkhas,19.726044911661326
id_4nx3hdlk3f,24.14548212491325
id_tvruaym3ou,20.864238541614533
id_mdja9rpbvi,21.255971603812426
id_v3lg566peh,22.703894913296466
id_5a7one1voe,17.506074417515563
id_uzwhiiojkc,16.778073338294853
id_13zxbv2bo6,21.146163722950458
id_ex6nijku46,17.15839275235258
id_7dpkk65nit,16.404313621573827
id_g3bd1hun07,19.026242837465947
id_suwhca6van,16.45178473986152
id_nxc1tmyyss,20.956184610801984
id_eikgi2kr2q,19.487616885091505
id_n4o71g7yok,16.762409084189727
id_mpq671lkla,16.817816243741227
id_k8se7sutpt,19.97313600979151
id_i92idl2arl,16.449711951819474
id_5ingz959i0,18.070177382375288
id_bgw3i6wwpf,18.97425807434893
id_80ixty8tal,21.69197601564001
id_0a4e9fjk97,18.68482201093058
id_lbmmt6ea89,15.477328566485834
id_c3flrt1zuh,18.795366996349845
id_cvs2kktyxu,19.324721941712184
id_7mtozwwc20,17.633120706243236
id_dq086pe2mx,21.351293090483228
id_3oa251xapn,17.377768330537613
id_felfdwexf7,16.07692896274076
id_hxzxzh2uah,17.1904075233176
id_7e9nhjb559,19.451433658303745
id_yjzowwtt3y,20.32192733410586
id_kc77exs6rd,14.43050995673865
id_du9zmbgca2,15.136967148936598
id_j4jhp6ymgs,15.296932304129609
id_m5the81w7o,15.70383119153006
id_1s8k0qheno,17.54698108901617
id_b6q1wkhds2,18.751844824806795
id_cz225gdeoi,16.638533218071615
id_8lkvzskxdi,18.003840282553885
id_t301lndtpe,15.35470546151922
id_uzuzt5hcyv,14.126630927464184
id_6n47hvxwoz,18.963915899429903
id_294fhgybq2,13.909744852902259
id_pvdki2lfbt,20.69901960281302
id_5yosfti35o,16.244856638497886
id_tsf2ykay6m,16.86024529755676
id_pddkles1x0,19.44478198395542
id_ypzvugg3as,11.99654629754611
id_ol8i7nv30f,18.865283193277925
id_md132uwbf7,16.9268754352572
id_b2y24168l7,11.610172156370854
id_4yvwmu8cxe,16.047500763093666
id_tmy3b6ts38,11.037953132839789
id_cbq3vn3m3o,18.26394905063203
id_a8umfjb1ge,16.13665333463412
id_8oqx4hgwe7,14.265671685016446
id_y5f8v3s580,15.003091058155439
id_6kf89wa993,17.925122828382836
id_h7yzht6wq0,17.436175280985218
id_95brnbo0jo,17.117797106243373
id_4hb5judkxv,16.7713156527475
id_xun5oyhgjo,16.83838975628545
id_kckpnat31g,15.298070045991679
id_otccfrhvvi,20.583793077671785
id_jn6u5c5cjp,18.58431991790745
id_v933ue7kf5,16.429210580783284
id_mc2i376rld,20.354129917739638
id_9r05mz0idm,27.38764361621779
id_3wfdiqgoxw,15.100675416961948
id_c1n58uu252,19.037586541776317
id_7p5lepxj6a,23.97576185340938
id_lrkr587gkp,28.12086446187395
id_kvnb8ekvum,26.200820017255978
id_mqv32adp5x,22.96237856081448
id_20korskh6j,42.79352340624817
id_78f1la773c,39.15036919325393
id_9jtdzf7kcs,43.57047451994145
id_52juzapqcw,33.262366735856084
id_li4wcjkc21,36.29918004221069
id_bwle5dl0sg,33.123167874151065
id_7jqcpniwxn,38.520513617250295
id_5jbtohx3rn,24.463750688626348
id_rfko1do0hk,19.122388347421776
id_zbl8jgb2uw,15.879418087994107
id_1syuqnv0zf,12.899245909919426
id_505znfwne9,17.56667425680805
id_64xsijlwga,16.725667918242447
id_np7zxu024l,22.60406050014967
id_72gfwpdc4j,19.366912282169
id_0cmp4g2ubt,12.840494768082277
id_e6wx5c307f,15.563289533777162
id_05luzgibct,18.231136246126482
id_13vd6nfqlg,17.28250628212283
id_dk3pcbei6n,18.04327542634998
id_b98ce0qkq8,21.963767413293017
id_dul45idm6l,19.296795726943742
id_t0xjo4dade,27.639626898121026
id_nk6tuv7y71,19.64946636148448
id_eg12ovcwpw,22.09993915871008
id_hlwwfh3qu7,19.742933697572276
id_kkhhupasf0,19.184931678963583
id_gnh3lx8tp0,23.64732848346765
id_k9sufsvlha,23.513904019198065
id_ars5keh0vw,22.045387043122513
id_r3gn7hnst8,24.646912486828725
id_asxb2wtleg,18.6295148479082
id_zbfwtwc0o0,22.52825254130939
id_y25nozzr46,20.82816912563721
id_hvslvvau3s,20.991591488025023
id_ow5f3qjobm,30.31959195721703
id_afzc6ul1wy,22.56959045491657
id_xk9bv6spi8,17.88269064250848
id_cd4wv6i21d,20.33087502676475
id_lhe7t7ml8n,20.063780097712172
id_atxrpetdw3,17.69406737130202
id_0aj1mxix9q,18.506155349703334
id_no5yjlcm3g,19.83889377126237
id_bjvx3ng7q9,18.586714350244762
id_uvoli7jkk3,21.523256872470878
id_8le9qqlixz,18.847074080821052
id_a3jcz7fc27,17.744760648767237
id_793ke4x5e5,20.964013676628113
id_loljxr0mo6,24.39114154612548
id_0v8evpy2qs,20.134400961380898
id_0bmqcvks9i,22.331416474881316
id_ug9e8wl8h0,22.889897867691055
id_aonmnfwfqw,21.558123741844167
id_9h7w4b7oww,21.348401791808094
id_6gxul944md,22.23778939433106
id_8y3pcwqv5b,22.649012902963673
id_6gvnwx27b9,19.9195140010336
id_w0zxvghizq,18.804635980273293
id_wmscdo85fe,20.024159012922865
id_xrbsdkk2c4,18.64580300709771
id_pcqx5u6le6,18.753950815634518
id_6smk5au66q,20.976556872768175
id_xmzhq3a015,18.507001796152498
id_ueml1oc6xg,18.399332218750953
id_tycn46bdt5,19.69472765546477
id_uhm4o38ksa,22.51471833295947
id_zz4zc4dfvr,20.479730359451093
id_3dps54vf0f,22.52066392633361
id_hp0ejuyv3t,24.021457774421105
id_qod41j7e0e,20.9423491138173
id_4s4s9ljllh,22.132587518349226
id_8vmswwvy31,20.089783652956
id_hgbeyzbqa9,18.255457136150884
id_9eazgq4i93,17.403879402430235
id_15tfvndhja,20.545423111228487
id_akw3lvhlr6,17.429855958534578
id_pdrnzevlv5,16.84566227740877
id_k786vuzcmw,21.145295854020702
id_ii36qck65t,17.01133969359085
id_luo9wejxo5,21.320912948123258
id_dv7y922sze,19.522789840170013
id_zcs5e5jjv3,18.596616128461818
id_nl1ahmmrsk,21.102534721808777
id_n2j1w4zr7n,18.4299479570344
id_edhr3ruhca,16.050044773531937
id_gqpsd6uict,18.298006138849708
id_qowgzlfn74,19.78182611321765
id_qs2l2xtdjm,17.63786704985457
id_4lrdvrygkh,17.765027348558014
id_auybt6kold,15.306739554110827
id_ufe7g778jt,15.126767054523748
id_7324fwd9hf,20.754504659209665
id_sn73v8vz1i,16.482445555524716
id_ojcp5cpvj0,18.39315245229981
id_op1s93i84z,15.21325527956207
id_io2lx9odns,14.7854260021603
id_06zbl7jtc1,17.798342055990325
id_1ttiqk66yv,14.647155323654099
id_4pt0caxqat,13.469670553128854
id_ws58vo2yzn,15.478049976330823
id_tce3ozp394,14.454369801527879
id_q7t9b05o1s,15.467937184272499
id_awrm3qdtbv,18.367064149308064
id_la85j0outl,16.564176262969728
id_i6yqhfapf6,17.616565432107297
id_snwy8kzkae,15.593387871614746
id_6v79axy48w,12.688805591286776
id_4t3anhqio5,19.161954809792817
id_q74mccdm81,14.61556391292288
id_ikn6e0mpzz,19.755396009411324
id_v8txb18kd0,16.988730272790857
id_audlh8gjcf,17.50732708106992
id_zfs5kudqv5,17.99083489508455
id_rz81mldmne,18.626097659316454
id_h4oa84i9r6,11.981404085397775
id_htkc980daf,19.914676366849058
id_66wzrdbk8j,15.510087001130335
id_p8oxssnqa5,12.61286574333494
id_thd2r3g438,17.626001958900098
id_8ac2fo3bzi,13.207503311717916
id_9ukm2znbos,16.396459979007826
id_vq9e0a0452,14.157248265137953
id_8ao6r0by2m,15.252492706031536
id_hgrtbz1nsy,17.015275311215664
id_7dyx4tphmb,19.42591509961532
id_int2pnz27d,16.3181639810761
id_1gi9fmazsp,16.0404791104683
id_5dhzpnfsc8,16.047636677986944
id_olg30s5x5y,16.467588066791592
id_t5523jtnh4,14.767978481819176
id_vqcahchrt6,21.2416667407487
id_fk1sa9hbwa,16.947211961291202
id_ok160agwht,19.48262143796095
id_xu17k53yq5,21.546769308815346
id_xmzcqauw3k,25.971132579035352
id_aour5rgxfv,15.044360238021536
id_nujzd9pafg,18.154344858202847
id_icrv4paofp,22.847890632448085
id_9yatzebc2c,30.548778101315357
id_gtjn6hxle0,25.020355248549855
id_m6f7hnj4t0,21.318841843912328
id_1v1fi85h14,41.523460349855924
id_7sp5685ieu,40.85559016874494
id_liqr0uwqrd,34.44540886787144
id_03lwil97qb,33.71644821218116
id_qsf30wtdhv,28.070609114607844
id_1uv0ibuczo,28.30350755017968
id_80csjj6d48,17.01195093156579
id_n1g3zkow2a,16.53949760363912
id_qjt5kb3u6x,20.061043556982828
id_6e8d5kqq5q,20.101647239863816
id_wvhdr0r7th,17.832216537887966
id_x5r3svy996,13.85151966792868
id_o9ggz31qgu,16.737593747386647
id_gv60syhrk2,14.361721697816076
id_g3j3o1t4sz,17.758128246307656
id_laabpazmxh,13.053161375332422
id_eho4ay6smw,19.17367170723483
id_w8nvwfcpmm,10.435089981877459
id_btnsop89b3,17.887379612691063
id_0w6dn0yvk6,16.938719202892667
id_gpznwpt7ys,17.290729015187416
id_z23dyz3slb,16.931944188664897
id_2ojx7eu8qw,14.73684287914834
id_98t8cdz765,14.226049320183712
id_8f9m9dleze,15.159498754677225
id_oeaawvliom,13.719389338823465
id_ov5yh9unz0,16.88951062911683
id_syrmc724fl,13.515583708005911
id_wsfou7xddv,11.466638611689884
id_gdrcof729w,11.508859385130016
id_yyeq995o40,10.394335983760435
id_mhj0m6vsoz,11.586628169723587
id_d51371db4v,19.485807764338293
id_nrt1xvsex3,7.349446508308862
id_e0e2p1877w,12.126341017611743
id_ezhbu5sh62,18.129741423849644
id_c4pskc8s76,6.600565025881204
id_r0ufs02ezc,6.924627994024465
id_hk47qerjv3,15.154994075848993
id_8qq33hqkxq,8.710447985819307
id_w1qz8bdksu,8.713981005878082
id_n74jn7d5ct,8.56140890559318
id_b2yadnldic,15.478127743186231
id_484yc688bf,7.756996507668972
id_5w25kqbc16,8.06622564570787
id_9n8atixf1w,5.754153153100476
id_5f8seqeob8,7.910341444253735
id_h0d3gkad49,8.858784237453433
id_g7kvipny30,14.724383296000422
id_hmwh1yqafb,10.83032209063651
id_xjzlyzcmgj,13.63582398882732
id_inhwqwpuun,12.319861911967077
id_wsm8a53caa,11.239901297594962
id_r9mlk12372,9.441289449802976
id_oisa8d97gd,12.682725212623989
id_6ab55sm71v,19.032010607578325
id_too46nmh07,9.124558498140166
id_r5m6g5ftw3,8.999657080169976
id_g6vqehwv9h,24.13691182095907
id_na1dwva2t9,11.930623449618178
id_nr83m898q4,17.376283142353735
id_588qh1lkgp,34.76865752624096
id_1k70mcdia8,22.751276934547665
id_4kvsbq5i01,9.481514743565747
id_u90ok9v1g2,27.933724848822912
id_f7jhr0tzyj,26.96650724117869
id_496ds7trwi,15.987039283485469
id_rjedrxh5ol,16.324368603448185
id_iznxqqg86k,20.779753111378
id_r2nitpoo6n,18.055102132574646
id_crcf47qz6r,30.506701993555925
id_s0472tpnvf,26.54475935114316
id_4x8344brzc,23.968211165824236
id_f3th0516p2,20.101753870420907
id_rq698snr9f,20.00412739259755
id_bqumy9109l,20.339067779328204
id_sa87ndj19i,25.506036673849312
id_l50a8gf4z2,23.859293391842513
id_d22097x7wg,22.362006774325145
id_o0l24mamhf,21.913269281608926
id_u0tbd0ho1d,23.991641365514607
id_jh9oqt4r06,25.650175553351474
id_s5qjht01ct,19.13858243992445
id_9jvayvxhsb,20.040706135220596
id_2ktyalo4fo,16.587079405808986
id_yytme869mp,17.56715099477149
id_qjy6t0mvby,20.123974633207318
id_vqx1ryf2ik,15.224913629549645
id_xlf2632glg,15.45062337011219
id_9ryn26zoyf,21.855175753390622
id_0bhupilpq3,19.399223969870334
id_3oog4p81et,16.98293199270762
id_7pwsq2822m,20.046709981281374
id_xco3eq9ewy,21.356775963566932
id_86pol7d8z8,17.40953244539476
id_4hq1smw4qm,13.996726149429136
id_mwm43tu1lt,23.46820050350484
id_egnnmgvz1t,17.70854982611759
id_ql3nhnzgo7,17.799689256171945
id_6yei7c05s5,14.741668243141275
id_37ncimqtl1,15.069848623133996
id_faigrj26mv,16.790075221828566
id_b8gmnur08k,11.212937635178951
id_uhkuycqlqg,12.913513832250008
id_hda4qbl82l,16.340694152238086
id_l81zesfyi6,16.29808425541054
id_8fw0qddr4t,17.07399590179251
id_3swlrvxi7m,19.116781830415306
id_2iq9tbz4bu,18.07636411152104
id_l3hzf7xam7,18.262274509187595
id_7yfs7z6re5,17.991759398742776
id_3qj7edycff,17.008805766476073
id_zz66kjwki8,13.761679752767945
id_836ugfrmfn,19.686469042654817
id_i7eew37mck,17.212955759046928
id_bxqgoacauj,14.712613548639094
id_0804vchmvm,17.083775110277763
id_o41hevo885,11.906682024367786
id_55ynsd7iob,13.734477925449045
id_xmnors3b2p,13.499677077251919
id_i0vim21vyr,15.143989916056508
id_9q4vgsr3t8,9.192807800838784
id_nzvtf8mk2z,9.263666158752965
id_qxhc5b04ve,8.082642516584476
id_bmoknxippd,9.289417502735866
id_y7pq8dp4ut,11.051034297077688
id_7ibql8i2hn,11.659359813495971
id_tbkdhkji8c,9.149025376487796
id_2xvazzddgt,6.320791102860962
id_vo6tjecx2y,9.344407506859927
id_td1i5lcg9k,15.642887889904582
id_ruc95ajmux,6.8614729544496305
id_a0at61dzen,8.407600883813846
id_0zn9uivt40,12.806603466168365
id_qlx50d8vx2,10.249788600816752
id_u6z7b5cbh4,9.279526703739132
id_qruu4eejyy,9.593683664744058
id_9vwonnifzw,15.485072062014627
id_0lnfawjnjk,6.628777567536828
id_31uzu5wcsr,9.154482381706533
id_uzija37zrh,9.887876828648379
id_z6s5np5auh,6.2937827892312015
id_p084kqcwjo,13.041946128351498
id_qvm8ttfb1f,12.444888997694429
id_yzoxe0nplf,13.4206404993486
id_n95r9k6tql,11.81700352719933
id_i6gb7eojjd,12.395685264518892
id_rj99alu30y,10.060909298545727
id_qlb79248k0,13.71940957527533
id_5gr1418j07,18.582974273513475
id_mvspb7k941,8.784619670043806
id_w5jw7d4cs6,8.507715108229425
id_ksu34mhpjr,20.881913748542004
id_rwz1uudt8t,12.303030706450013
id_q22kldhur3,10.577850798085091
id_2ax9dk8j9y,35.29649810054036
id_tld5diafyf,23.279707883977963
id_do4asz4s0g,12.025329932749976
id_3alewcubl0,29.437538123287588
id_8zu910kppu,27.660516620662367
id_1s9nyk6u7a,17.728110129984536
id_l88880p40e,18.211950210548153
id_hr17wz72sy,21.46820695200895
id_cjj6ks4lan,12.941218145729371
id_odokt2hr7x,30.607215472538996
id_kw3winhwi7,25.39093719774693
id_jj9rbh612v,24.083603381230677
id_26j0qg7uea,18.135979104375064
id_ycnpcmmjh1,20.06998080264035
id_7vaqpmlhsv,20.24141726607731
id_c9cup5eoxe,25.781789712775705
id_rxl64ozpc8,23.718405120762394
id_wlrwnnkbc4,21.639408286518147
id_5v07yr6kc5,19.13858243992445
id_twzj5jj66k,21.003625784035712
id_72mxu4su0c,19.795789577660262
id_c25uc85sjo,15.220021846593191
id_ouv903vao3,20.28788825090553
id_zyln20zouy,17.660482624246335
id_gl5zw040r9,13.780549769012064
id_g8wutb862i,23.46820050350484
id_s8gpkg7qj6,14.340252375807282
id_rmsthvc1sd,13.98068781919932
id_ke99qjo5z4,14.489715906733586
id_77oq3gka82,19.209863030711
id_d4rug7fs73,19.90255025238395
id_0q4rgwhh5j,19.686469042654817
id_6a84c2y7xm,17.026025086697597
id_6q6h59e1he,14.83543704124607
id_dv8a63xtc0,11.879464802233795
id_27ono5yevj,17.083775110277763
id_v2r3sg9n1j,14.524729852727674
id_3p8yrwj992,12.48560861822413
id_wk8q5ydpwc,15.872091447553778
id_xddq8x5dw6,6.8614729544496305
id_sharv68cbo,8.290033693361725
id_98fux0thhz,13.424260124090765
id_ago3payk3b,10.249788600816752
id_2bmny3x2l9,10.961213659768003
id_br2ieejs8c,9.155202615273359
id_weseav1xhv,15.3870396012325
id_qwf1i3cj7r,6.01717831377184
id_4fdnb4eyjk,9.113727020431138
id_khcy0c8nrh,6.440104904658721
id_kjsl8ka1vy,5.19823891701606
id_1s4emym39i,9.378130316000016
id_cfswxplen7,10.621428878277879
id_ri3sgqw5vk,13.4206404993486
id_w8xmcsup55,11.511500290539857
id_oskrymtnrz,12.207266377084713
id_a5nzunklam,12.969659062188061
id_okj6k5qcws,14.54167666112237
id_ja07tx0n94,19.037314570705114
id_1cu5omuey9,8.784619670043806
id_ph274c2i2p,9.134097904606431
id_sx300bfhv2,20.881913748542004
id_xlkeen4coj,12.303030706450013
id_bhdjsv4g5r,25.751567969549274
id_doxq14mqw3,10.577850798085091
id_fbog8w5ysl,36.519020130386586
id_nf1gsgtgns,21.303360381951812
id_10f0mij1yf,11.778072251151553
id_m5e0u3d68x,27.588263726144262
id_x6l5iwtgrd,27.660516620662367
id_eyx4q4fnev,17.74015639955254
id_4lfxjvfjkw,18.04776490324256
id_32u710vh61,21.218772682802886
id_zsw4618nnl,12.941218145729371
id_b0ww1vi7ut,20.3757301012673
id_43huts58gh,18.247219317036155
id_ivuzjmumge,19.521920959928455
id_643x1kcl8a,32.5360979819857
id_8c62htwyf0,31.104044055136697
id_gbcegwehwb,21.088678462847128
id_hx6qnu01o7,25.87701785346313
id_r69gk2kevv,22.807040412995605
id_rfr69eoy4e,19.84169398915984
id_p815xbtmh2,20.328887176550946
id_q4htbc3mv4,19.641824937204884
id_3qu1qg5an9,16.907834808936617
id_jxt2raj564,22.28824964498328
id_whkxth8443,14.775591546474654
id_r5h0grolrb,18.273098099634346
id_gqz444p0t4,16.419453388509027
id_cm6tbu9klf,16.099506222553426
id_6gaw1mpb98,12.500150400219407
id_mi6cveknqi,17.517255226981522
id_hrztm9t3ga,12.647895666495568
id_2f9mvhe5a3,18.181760645115975
id_yrz4dphzc1,18.491566757170148
id_zngjgoo2dk,15.433499367968029
id_pxwxzopg5w,15.309199094406054
id_c40jzd2xtz,16.34046007477707
id_h0w3y9kfum,13.412627825639555
id_78loal24ig,14.787649475738442
id_a6zbnq2jfl,14.65389262192044
id_dwojdf96vz,14.014366763950285
id_kh8t0u2ykn,10.440760463658389
id_ulncgfoozq,9.79573755773519
id_bhaumyn0jh,6.1124082134521505
id_75yu6r1ix8,8.277596436870745
id_nvx1ah4m6e,6.745929360697194
id_4szygx4nu4,7.865195735484078
id_cfhk723676,14.301746303145766
id_rt31sygm68,9.816172543712305
id_dwxwdulu8v,10.174481153193014
id_dclo8jsxow,9.178433133648285
id_u0imoqh2c1,15.99391924888273
id_a4d6g1lekm,7.030998239847419
id_cwv9ah2kuk,8.567681186830018
id_1583r9rcn9,6.704586142643507
id_55v93496t3,8.62855274405207
id_p6iewno0go,9.567236195678973
id_a3wluzck8n,13.886653049032475
id_tg3rfg73mm,11.208975434319875
id_haijdo7a8j,12.540165297319033
id_aukksta5ut,12.116472251072217
id_vwfdch92yw,10.864617798413832
id_vr9rjzdio6,9.0921032237881
id_hq9rjuwiqd,12.313788010950637
id_plkyx8w8df,18.837800211175328
id_mps4kqn7xr,7.708340098936225
id_ohn2jvlaqc,8.289523656888745
id_r2vvygjx7z,25.437310644853103
id_8ythlcs4u6,12.303030706450013
id_wgho99po2u,26.27692089339074
id_y9o3zgw71a,11.545827280364191
id_5lp79xg2n0,35.622295787002486
id_vni712633p,25.32799415696213
id_j2425ljqo0,16.359265810470326
id_01j3m051aq,27.986728013948916
id_r0n1tbsc8k,26.515526338657033
id_y7ffq95y6e,21.484111948349618
id_hajr115naf,16.090553756566095
id_vvmmry71u1,20.59768008376888
id_vp5euuu0a3,13.09000755511446
id_b3j3fd3rmh,18.805714925412627
id_sifhxybxky,18.446203597802125
id_hz8r2su7q1,21.782197711893904
id_idsihhjz6g,24.25448062235037
id_o866qvk74p,18.03217216022682
id_0u1n7gtyxp,23.855919076783202
id_lyrsajp3xp,24.8920369409212
id_bzccsloevv,17.609655788565696
id_9c9z014n0r,23.017117228493234
id_0che20octp,17.506528412282464
id_8lyeumoumq,15.67154355239926
id_9wiy3lc33n,21.58528189584109
id_9a78zekrny,20.3757301012673
id_59yb1kfkkt,18.30718155292255
id_5qugn6f0n4,19.523839819389195
id_ch556d7iza,20.7286507945742
id_yljh4w9iu6,19.081867946634084
id_cngpsdvk41,17.45585904595939
id_cpc394pksr,20.2792767920427
id_9e8yludv11,26.486344312492015
id_wmvjf8lqx7,23.976721964444035
id_fxa58eejly,34.05309857043088
id_lrnh9ds8zh,26.51488075794973
id_14c1s7ewjb,25.895406388088052
id_8h35d7as03,21.088678462847128
id_pirch232ad,23.46496385874
id_l2k4cwt2y4,27.210906438631792
id_bv77jcdr0q,29.72297459285128
id_fdqc1chspp,22.807040412995605
id_62ln78y7zw,19.868771340694856
id_r6uupiy606,21.97682796915244
id_pkr851vgsb,19.13858243992445
id_5dt20d24kt,20.10630775750655
id_14iduc4f9l,18.69036642285073
id_s0oyk7nplc,20.01849153229599
id_ohoxj2ghjr,17.509315989634516
id_lx42qav5js,16.419453388509027
id_7y4q699t9l,14.643289656499945
id_dp3acipvh6,15.596271404202868
id_t5pefcc5b8,15.32982339755231
id_lpt30pg4he,17.076272059373828
id_3t6sgybjdl,15.712698107661453
id_9n0a6kx46d,12.525020866636687
id_slvqhia6kd,10.252779642596067
id_8ulyzkbx2b,16.353224877134082
id_jo0fplisra,11.849253600205843
id_dy11ridu3w,15.303020131735053
id_3qf6thp1zq,11.959623096892557
id_irq21mxj78,8.278878164165704
id_w2cuumaw3w,7.467665555307233
id_nwr2vpkoe7,7.865195735484078
id_u3ih52igtc,10.249788600816752
id_o1esa8wsif,9.893639641956195
id_gwxneemm8m,8.320089918565813
id_mktr6ix79w,7.164962384053254
id_2ptvfeal81,8.948292669541352
id_elkdukvihq,6.440104904658721
id_qwk4cugilm,6.819728951194829
id_1oz3u6pwhi,9.829494880861754
id_y0xvef09vq,15.497606924322692
id_23gmc7gsmv,11.349276647406437
id_r0m6c354qj,13.530547091517834
id_r0sqad4l78,12.951829245823548
id_ghdqd5jsd3,11.25764879389443
id_x8bwqtepbs,10.909494465654364
id_ya5dvzycq5,14.54167666112237
id_9wue1vw0je,18.772894655249118
id_cv0ocjo7yc,8.25059796528183
id_tembu3gfxi,9.70447090918627
id_jtuteue33p,25.075198134114153
id_lzg90mlb1v,12.303030706450013
id_z5sz4wfbb3,26.27692089339074
id_po61337o0p,10.991794786929066
id_u3ds0qs0ja,36.8148595952169
id_ux2weabz73,23.03319505584615
id_8ew9nnhjzb,15.698207968071625
id_lpk5vf71ew,29.569023842511584
id_haz6ywphnk,26.315977027358436
id_7r1kfjjh14,24.423982332455743
id_663tkhfuc6,16.378112015052398
id_z9c1h7fnjj,20.519344206395516
id_9dx037ij0q,13.136720077598065
id_tzdmb15txs,21.19540855033427
id_6ngwi1vl1h,19.848951379771137
id_cqm8i6ol8g,21.06864402779376
id_l7eneup5t0,25.35561431938344
id_sfbjw9ec2z,24.16351825792262
id_j7jqrbwmi0,20.10422367524043
id_wwdzrwgr58,25.901347910232197
id_kk82r8fpuh,17.327760401811627
id_wat59la3q6,17.19692793968887
id_xhxsyxysbf,23.516768949835708
id_actuxo4gmq,16.796442210470033
id_6qitjn8c8r,20.164923201472337
id_jdquy1lxet,21.1572174346685
id_g5325vgzzt,18.182814209547594
id_c4zrpwzc4a,17.755896883367555
id_t5anmg4v7v,19.418937729407396
id_9af0ydgl1s,22.377660836722413
id_9wwxdbqekl,26.209473263242778
id_dtzemr8b33,29.406431843260982
id_qye7rb9bbu,31.282167069392028
id_1s38ze4v8w,29.45557638084347
id_1doz4c69ph,30.720772837317984
id_18tg20wg54,31.532976477733833
id_mf6s46v1uw,29.168547842803974
id_krkw3iqkf6,35.034458843587224
id_tcql7qm01y,28.6389508571409
id_czit7flk3p,26.66923003078096
id_67vafahcsb,26.450245798836058
id_ocawwzqkj7,20.197140512620084
id_6hwobiyszp,23.864726161351435
id_3hit2vt54g,22.723523093217608
id_kxjx8xtw71,26.62800418300584
id_ujvrrf4kx0,22.789038227737464
id_p7m9x0qpi5,21.314806184788253
id_b2w6gxhazp,21.28418223715085
id_0glwf1vle0,20.303955001403537
id_h52hj66b1j,24.677297265093628
id_3ykb55avzl,19.210711954158818
id_4140yukx35,22.723354675034663
id_ejschtytb2,19.778481877401052
id_bt8l5o5bpc,22.876314241976203
id_01tyqteuzb,15.884847115441694
id_xxtlit8f06,21.25840384408785
id_neowy957qe,16.814661849331348
id_ld5ad63fk4,20.226916334199274
id_9wphwvxjbh,20.689761002437464
id_bjwf0gk35g,17.630641482597664
id_nk6t94cwcj,15.962974779886794
id_c00v9db3kd,22.52899416373325
id_qljfbbues6,15.464575639963446
id_8l8rdvtd4z,14.53906340607487
id_ucd95ihefb,15.913058280621492
id_1h25lc42la,10.716116547370186
id_7rkgygr8my,14.91577294196616
id_qrzcnk9cb7,12.93597192736654
id_3osclzuma1,16.78541162558436
id_j7yo6gfpr7,16.438249118072285
id_m8zu1vzawt,14.13486322213093
id_bjboh76f83,13.8169168416375
id_msmgdqfiqk,21.810674277081652
id_9d9nc0plgr,17.603402475229178
id_fnstzi3enk,15.675974492616511
id_3h9gnh7is5,15.309199094406054
id_ymoxc4wuvj,16.058025391743847
id_diweogvo4x,14.497200895070826
id_wl3mu9y4pt,11.939714480282959
id_cypiwo10y6,13.179051874046335
id_qh3anhhrlw,15.662142089587698
id_83z9c83r5i,10.311744458871134
id_s1phnl1iyl,14.105641142842524
id_uqoypd8y4s,10.953154124344039
id_e1c84vnzi4,10.690152972300655
id_duvrjwe7j4,11.29116259387741
id_cpaolr5w71,9.086611947964668
id_0gez5n5up3,15.232943421623723
id_4dxpvc7v0t,9.162007358205056
id_wy3b3kwp1u,10.96662648977692
id_kcz6mx2ftd,11.384106282396507
id_s2azjdfda4,14.465886034695938
id_7zq37bq2m9,7.196187595685558
id_80ps7kboqo,18.211328470105844
id_wdp8cocu50,7.467665555307233
id_gxnloqrtfy,8.675286779594154
id_98zx0ydmal,12.319515580541067
id_ikydapbjg4,9.664041757095111
id_x9csxregb4,10.151694243103677
id_x726sqebnc,7.401983411818167
id_embux96a8d,14.702203902536764
id_n3zi21eakt,6.377588322286873
id_cmzvbp4gp1,8.972327079236017
id_lh42zi0nvd,6.214999710418736
id_lq6ofubnzh,12.01236365337233
id_ak1gmocab7,9.746010393302509
id_j2qbzdu60r,13.728063927399894
id_4s7frhrx0s,10.745859797784808
id_swwnl6ehwx,12.861489204304828
id_0dzgrhmq0i,12.116472251072217
id_bblmv4qbuz,10.680374188755348
id_ns1udfi49f,9.621126792561526
id_3t4mu9h9h8,14.75535610656761
id_np2i3652hs,16.86539382050518
id_0m1hyk0i2t,8.911059539500158
id_47086vwi8b,7.942227245459635
id_w1v8rlefq7,24.84556161103565
id_p24h3f2r8x,10.83173603181152
id_dlxm63a09x,28.157695422869143
id_ri94vbx6vg,15.176570205742085
id_wi9j0eune9,36.14497392892335
id_0z2yz02gho,20.426652732662518
id_013dywijcw,14.649914320642864
id_whd8ue3507,27.245477446465802
id_wmd6txw3qp,26.011322275770887
id_2uo9nruooa,24.898949440413816
id_cmezkcvthd,16.739505098418473
id_k00w57rr6l,22.21278637189673
id_rm817jen6a,13.22501198950464
id_l2wquc1lyf,16.816665180967707
id_f2ayymfg06,23.343365782176967
id_2xwro4u4ib,24.25448062235037
id_s4gcy5ldea,22.101684265905668
id_llxl5vedjd,23.857770785643247
id_ra9rzjf8cs,17.609655788565696
id_06it7wxay5,23.016866145866715
id_p358wai3ar,19.377477020601006
id_63q6x7rc50,25.95793121265588
id_yrqlregvfr,17.969097782852607
id_6ey2mcbqfl,17.19692793968887
id_xz9gud04ug,23.612177058234334
id_upa56c1xqo,18.229505383976864
id_apci48cec9,19.528053350949026
id_ivaqozbhfz,21.46355351325095
id_5r9lkzxt5l,18.182814209547594
id_q9fyy5hlug,19.57617397908857
id_fia47n8arx,29.18411995822587
id_c8ytbvxreg,32.5360979819857
id_715d169b93,33.13371227667435
id_i41soezu3u,26.916115545480032
id_ghl9lkmkbc,26.488215132456453
id_jhwg78mhs2,25.228095812775727
id_mbp1opp105,21.088678462847128
id_tpecaex89x,23.111502953514478
id_gkqkcuvhn0,27.210906438631792
id_jl7cx8vnrz,27.24643283674511
id_z22ai1ufxc,25.05235125801688
id_cf9eqd8nio,22.807040412995605
id_4nvfqr7bwz,20.114931968207532
id_styx2evpu7,20.19971794766763
id_r4qfxsd6qk,19.464789283962194
id_6ula6jqx2d,28.11919529956952
id_ab11cvvhj1,23.562996063575252
id_lru4a7apze,25.073409682177697
id_1h8qiqvba3,23.001303437485213
id_jocn99q8x8,19.210711954158818
id_yqd8by9too,23.09876922048239
id_3vo780asu2,23.69312151456181
id_t8qspqxocv,18.521838546564606
id_fxt49fthrg,19.733649076494427
id_9hsvvxccfs,18.93582700697014
id_mdox4e1wm7,19.151352350076962
id_e0v37gnrdc,13.753916845678546
id_4higx88y8s,15.372935841810648
id_dzdczy4694,18.158347152313777
id_b9cls7es48,18.781638688575086
id_ii1b1vx3v6,18.18366868267295
id_qjkp2dhlfd,16.205005304248736
id_4tycdb5q0i,16.98293199270762
id_enssz42xj6,21.38454998266157
id_j2lnxkjgor,19.4313237950425
id_d1kz51qzme,16.586912244679343
id_93y706i4uo,21.138777627407805
id_uo33uxmu30,17.616540905499676
id_42uhyp7b1d,15.452668216766714
id_557lj2gncx,22.528809792807596
id_g646xm5v36,15.551999216813865
id_3u2zh5sctj,16.419453388509027
id_88m5txqfk0,13.838049561966287
id_636veo7myp,13.634067811143945
id_mw8i11x4p5,16.57657912325601
id_i01umxhgoi,16.598300695996677
id_7htzho5nfe,14.91577294196616
id_rqvyvvqjjo,13.693184797645792
id_3sw1g6ujkh,17.30958564625238
id_7koyjh6lyz,16.78698622413623
id_h33dmmxmxt,14.34542853033928
id_b4zqx3ey2e,13.526900308991923
id_rigbnum9jj,18.83593353206545
id_hwnk2tvpjh,21.545889789579228
id_3djm31ze2k,17.584943768363374
id_y1b1v2oco9,16.461784471145812
id_uiiqit3mio,14.740040941244517
id_qjv34s9tgs,15.309199094406054
id_mw1dkfs5o5,16.058025391743847
id_zgolsofwkv,16.36256339259458
id_gntve7cvte,12.557274663826032
id_mv1hwwypf2,11.47824942196404
id_66vowuru12,15.662142089587698
id_718x53xw5l,10.073772305101073
id_y5duq02fcq,12.74348066202251
id_nabflglwpr,14.03006409979216
id_m8gl9o5dbz,13.534099719245528
id_s0yzedmwy0,12.363655459800647
id_n4zpk50eng,12.412649795882706
id_bf0mqyujkg,13.552400952447343
id_db6l9ymytu,7.782598879495128
id_zzhsplt3ae,8.552780845767161
id_gxvybxvz61,12.384845106661432
id_2hrjgfgo5c,9.162007358205056
id_qnvbhvfvfh,9.805877845310183
id_f4j4e8toay,11.384106282396507
id_yh8x8izood,16.002651196130152
id_r9gbkhu2zs,18.987090080634516
id_hzuko4hsbs,6.158056028330964
id_4akcsf7v23,14.133179641510708
id_y4a4bry0za,8.277596436870745
id_juefa18khg,17.650287992384698
id_8pg965n9uh,7.467665555307233
id_c1qncxdk14,9.81592517505857
id_fxdpjby57j,14.301746303145766
id_maxuuv6qwy,9.725481286716944
id_hqp1zmq2rl,10.151694243103677
id_7mmcd60iqp,9.8786896358722
id_5f3qz4huj9,13.210708955507581
id_m6vn47j4ge,7.086636784203065
id_mkyjtq0uj7,8.92422711640842
id_dd1qog5gsu,5.363408582103999
id_yltiy4ct4b,8.091382586125045
id_l7g3rwiyu1,10.624515059762604
id_y0nex8ki95,14.63682956645576
id_trj4ropjy6,11.354635758885303
id_xkfnw0mcvh,12.861489204304828
id_j7zs6cpw42,12.116472251072217
id_o55nqbxkhg,10.867482108328145
id_l3neq81nk8,12.86500705655758
id_ft7ki0jjoc,12.313788010950637
id_1doie955wo,15.774765021719837
id_pap3jy3v7v,9.767419285980136
id_64zbc8ou3g,8.559550960076907
id_1ssvmd37d4,25.888347276591258
id_5i93sdabtx,12.420591841698162
id_5oej7jiuyx,25.730717877480952
id_es0jy27ww2,10.325595651409962
id_ze9u1sfrwl,35.611802212080136
id_3y84kki549,21.154352009041965
id_glm9sjal1a,14.434608766392294
id_kjp8dcqhsa,28.227031230011757
id_2s4n7u9qbe,26.904761456224897
id_57l2n9hbxk,25.39823277117583
id_0rmqw3hqow,16.904751331834017
id_uc46nrbgzu,22.130856522140583
id_zck6gqoy8o,12.518436380307037
id_4utcad6z0z,20.49158629549108
id_faw7vd63nz,17.307463200704994
id_bfmddpm7dk,17.64506499939202
id_zsn1j1j2ex,24.25448062235037
id_hnknralqvw,21.007250542477593
id_j3s4dhvwvf,21.696177592150345
id_nb9skm42eu,18.675173020266037
id_e30vibg2cr,17.609655788565696
id_hr07rxuwnk,23.409909083887946
id_cckgjin8j4,21.287487282892386
id_1igqyragk7,23.720550661799756
id_pbbqks4896,18.090020664465186
id_yglxjnnnmd,16.771499426929736
id_akkkm90ju3,20.3757301012673
id_pnw5qxgci5,18.48099782946155
id_ed8b146zq4,21.951517267075577
id_dog1qrt65n,19.03467480867753
id_4iko2mf9m1,17.42884868002585
id_tf16irhnxj,23.72796295382026
id_z8dbvb7mld,26.567848050898807
id_hjojye2bnc,23.681714321928283
id_e74fkffny9,32.15781945134531
id_96r4h4wquw,32.838737674382664
id_n8zuiv730d,33.86317234497521
id_q9sf7h6id3,32.20307883655257
id_1ahz3wcpza,30.017543451432022
id_bij6rb0yyc,26.80786310471238
id_rj67797cdl,26.074623918026585
id_nfgy5cs3i7,24.658323836179143
id_2gg9612372,21.088678462847128
id_rd2ycsqjqu,23.152786428155835
id_yhyq4hrrvo,27.210906438631792
id_cugq7k2136,29.887305326565077
id_6ztrbzwf74,23.266396281312606
id_b3864dngn9,17.916997333744817
id_fslinj6lsz,20.19971794766763
id_nr59rjq353,19.210711954158818
id_f937o9uhz5,23.69312151456181
id_pdm9hc9akh,16.66215949223662
id_hlaacmpdc2,17.211221642108022
id_43l5b3qppy,18.506620431746292
id_nhboyjouon,22.17345370622469
id_e9tjlmzofe,17.461399075795363
id_uep5kutr80,15.79806508557186
id_xdu2qkcn9o,16.100271547722095
id_7xqj2zy62f,16.419453388509027
id_d3txp6ww71,14.653754740630653
id_kpr41h1gl2,13.42675788973056
id_eeu9sw0k2s,15.15228187497342
id_c20q8ikv7t,13.531235601323038
id_g8oqjuggsz,18.66453096531622
id_2nq4naxlui,14.34542853033928
id_qny2l3j2li,21.515366094038473
id_vvea9k8tgz,19.90255025238395
id_t009are3zm,15.62474385387445
id_uzuka63dnk,14.790526981077932
id_rkhciqi5gp,16.021055991462866
id_9qs0u03sne,12.525020866636687
id_beoswwa1jg,11.621770492213368
id_6yzetfd0jr,15.877221273331251
id_ip144xmrio,14.455865878351204
id_y1jzpsul42,12.492515131594173
id_irudkpu9cg,11.995260654822278
id_43ve2f04z8,17.367857979232
id_4gby11apzd,7.467665555307233
id_brzm1fa82q,9.715851888563929
id_cikkzszzmw,14.090364475504165
id_93uc5zchkn,10.249788600816752
id_n6z1o0dpy1,10.489054609860316
id_r9li959sxm,9.872771752080165
id_om1wxt4lrr,12.725042242928545
id_kj1k62c4hk,7.086636784203065
id_x9m9yvh87r,8.567681186830018
id_xraq80851o,6.440104904658721
id_hs3bu1nmse,7.36101568499398
id_w183sk05qy,8.992087961026868
id_ctdw7mpo2o,14.506293886607791
id_ycnd040s0i,9.79749657088414
id_bhghd6qnsh,13.474634009012703
id_yly1mkkcmj,12.860856774005203
id_bhcer2s6k1,10.95264794379412
id_ts9g0trocv,11.574668079829632
id_1qto62qavh,14.54167666112237
id_0wajzy8ts6,16.202499203139926
id_wpu97wbqk7,9.515268586044542
id_zmyx8uismd,8.759543434960378
id_nlxvai48i7,20.366581194334117
id_dkdt1jrmsn,11.500050236764118
id_8kq3got9a1,25.751567969549274
id_lr3rz1e86g,10.577850798085091
id_6kzxrawpey,36.688069051223366
id_xwyw71ldzx,19.961558552606032
id_kkivrvc6dv,17.362823977001078
id_94wuxmw8rb,25.107198123589406
id_3q8sdy56bq,26.904761456224897
id_oc2m0zmgnw,28.92375637133987
id_pwx9pelurg,18.386119685770918
id_acjbfx8dti,20.519344206395516
id_eum8a3klcq,12.941218145729371
id_is7lidy1mf,20.532527089076087
id_3gzqnrpvj1,15.526285728878113
id_tgs79jz18s,19.86181059430887
id_1vuxj43b5t,21.294435315999017
id_0li1v5bnou,21.846594867544802
id_2rkm63c28h,23.208098683509004
id_u4ue41ptfe,16.857514183703955
id_hqm9ncx8e0,21.88775816470839
id_nm7ygb4b3l,16.786383613089377
id_jh45q5uczs,18.802145877627595
id_8wae60vl8s,20.87850503550775
id_oew1wkaotf,17.180634055917174
id_2blz0nu3gr,17.708263239193446
id_8561e57ms1,19.413228447790278
id_6l2yazaml7,18.97088823250139
id_u8x5imye5i,22.827438446398503
id_3n4fcuig6s,19.21860301219486
id_63yqksu7g8,26.567848050898807
id_vr7oawtyr7,30.023235381314308
id_hucimtkqcs,31.156788947699507
id_en1o2lrl13,30.91827294629685
id_7unrf37lps,26.45039652494062
id_airjz9ye97,23.22255318848014
id_scnvuwxqzg,21.164724728130267
id_e660aintu0,23.152786428155835
id_xp5zllo7bm,25.754242198304485
id_9vmhojq424,22.82978113762679
id_1qhlpx2pcm,19.741578835844358
id_qedyi4kq32,20.19971794766763
id_vyxdm338eq,19.767503044387876
id_g2ct966v3a,21.312219379016636
id_npft5kn5zd,19.4760179432999
id_d9roa39323,18.159080367757223
id_7jxotkoa6i,18.97272414971576
id_io83k3isds,16.257777213237144
id_0phnbrqgvq,17.07950955515253
id_8fhskk4v0o,19.4313237950425
id_jmark42lrd,20.499988211999202
id_4uoyxutrk9,16.21075770659385
id_z3ne71faqd,15.920998045523955
id_3lsi6od9kk,16.768855017674408
id_wnmtya2xe4,15.071013333147988
id_kxpxubm2ks,21.545889789579228
id_jr62xr6pn0,17.700094158338953
id_i1ndfhbqh8,17.039878697428282
id_xbzzfn775f,12.987296684155105
id_2jgxgek3pp,15.809415960379589
id_cz0j93tjn1,15.223367050151026
id_ibjyuosq7h,13.285400810356494
id_qdj44e8qxy,12.452482686112596
id_pr6ybzbo04,11.577375802870993
id_6is3wqphrp,14.469432759753882
id_a19c8qy624,14.003971827262074
id_fccl3r4vhn,15.393245773751243
id_lpadx9ljyn,13.61875984184888
id_yrlxid7w5f,12.675594488564784
id_iyelznc712,9.162007358205056
id_d4zyhlrp7i,7.539384394746303
id_yamlzhxpzl,16.92265607547634
id_69z3k5udxl,7.025433165005132
id_250ilall7a,8.477380712731023
id_5oh31qlbqd,14.301746303145766
id_g0pt3qxex9,12.007069216552436
id_wecofpgirx,12.858141411073294
id_srbbfyzb4y,8.838869928514763
id_9dwlszpc6f,12.966922414229401
id_rx1c8t309y,7.086636784203065
id_ihc33303cp,8.46748859980939
id_efyw9jlc2d,8.700929583020574
id_r4qda17kgf,6.858244194654931
id_ztkiuvq97m,10.624515059762604
id_57vj6lphyj,17.643469289964315
id_1a219llt0x,16.67410049413113
id_7dum8n5jfs,15.295011414169815
id_mprnfw8jby,19.287416691970236
id_4kwyl8vwk1,11.171968677329282
id_hkd5b8lkry,12.86882220266494
id_ugse3zoarv,13.51668336352006
id_2mihn0ik0d,16.26448756394646
id_eq3nj1bw4i,9.926107756611529
id_eztbfv2vvq,9.33024944294552
id_j822qt24o8,25.435126628531144
id_nyc1n6dupk,11.397560227896339
id_5rfy4jo9id,26.830989494102795
id_z30ciw3guv,14.599056219561525
id_cikel8zc0d,35.956778519085894
id_pn6ira1t7j,27.215839706666795
id_etyxjytmkl,13.599770187698104
id_vk4ybuoyry,25.876585274342286
id_qm010ay0yb,26.515526338657033
id_ufglp9d8e6,25.811898638262843
id_vfxihvxog9,27.133169013614047
id_gx87k11mh3,20.979798133398244
id_5yblexf7zp,15.815578355992677
id_h24kmkoube,20.532527089076087
id_x3hkwvtuum,16.254159662882554
id_w5yebgnpv0,20.934630742745483
id_0sqrmgfxq8,22.311792735594015
id_af7sxbklj4,19.534142977746647
id_hv5isckfyd,24.287990595647464
id_ghg0lmyh5v,23.208098683509004
id_wpckthcmjz,17.258842457194387
id_u8j139024n,16.85813833740626
id_1jadvwi51a,21.88775816470839
id_1gm8yzoyli,19.457113049083222
id_qsbblt5w3q,18.675173020266037
id_51h39wnp4b,16.802452184364476
id_ny5f2xtwmp,19.776527038235074
id_3dhao9xr06,21.81867178686872
id_wwcepeo72q,19.377477020601006
id_aekpxa9j8r,23.669953931216547
id_hlshs2v7p0,20.488578362649356
id_csaw4okqxs,17.19692793968887
id_a57xn6b266,22.402258748436765
id_v6zbdry3ae,19.413228447790278
id_mjgt3wrumc,20.027415031710387
id_rb71ryy76k,22.30941754237724
id_rzzwlgdruk,18.42938197662946
id_bg7hzhz9s5,18.928892813760527
id_9f0xa0vpm0,21.018531725068367
id_x19qug1u9n,26.567848050898807
id_neebsy7lt3,27.845162998449617
id_k5jc67rf2q,24.829819652743446
id_6vw340icrq,31.83017457777401
id_rpzdo2jabq,29.952208614422382
id_3m8w0ho783,30.62218714442793
id_2ziuzg6bnw,28.52174932068545
id_4hps6472o7,28.72484250539906
id_9cb9qenzw7,27.69226341034789
id_6rvd06xnhq,30.581841591115648
id_22gpyw7j4j,30.363451466316224
id_970drtediu,32.35886450332548
id_oec1w7ootb,29.18411995822587
id_7onpirv1s3,31.27471696739049
id_8rt8qfy8h4,29.568665294403054
id_e69vc06bss,33.08045582590739
id_7dv4xh47cy,34.61092600915535
id_vfx2x5hc15,30.644898065308563
id_ljvpa6cdtz,26.29512461073773
id_faa2v5ox7q,29.392633787844417
id_t6xdbl4ne4,26.986511581969705
id_r2fdbsyh1n,24.658323836179143
id_jhwi52u0q3,21.680031090710116
id_55pa9g9m9g,23.152786428155835
id_u347bmckbj,26.300008996126724
id_3ygrfqgttc,27.664931422086877
id_z7heeojpzb,25.92777392368234
id_utgueavnmx,23.266396281312606
id_h2tqqtxe1w,18.34995043835527
id_mrdqqwst7r,20.19971794766763
id_5053tusxc6,19.528694722513134
id_h6t5tbsidc,25.756500536325
id_4fs05d28s6,20.078435490290016
id_qye7jwpbs8,24.304362726518654
id_um00ew0g1b,23.572705009595488
id_fzvy60mdma,19.210711954158818
id_l7u41q4cr9,21.312219379016636
id_26og4v2wx5,25.493972985010977
id_b0a1xu6nu0,19.918148093577866
id_xumsw5m3ip,19.673733517067305
id_3ftig6nrpk,18.009653987358416
id_0ejl66y98y,18.88723050077294
id_ph0mqd3qdu,17.805238311168637
id_1j21vhuakg,15.415458969788428
id_9b866t3kcl,18.6849523665439
id_gm3rhu9jak,16.413860146399827
id_vldjdgbudl,18.705058356785255
id_sg9gnw6j9a,16.362273943677046
id_jy6wca6oh6,16.863398750398744
id_lgnofy6syn,21.38454998266157
id_g1j9pxh5yp,17.211221642108022
id_xoh80ei36j,16.27948997812328
id_g4idr9b72i,21.722963945265562
id_b7cn1tm7jw,18.06999697277663
id_3kkfl60mdt,15.902449979385985
id_3cnzembvt2,22.528809792807596
id_qh3hmxe3vl,16.015031176168563
id_dm2ngicucl,16.667163422586405
id_0pj7rbu5pl,13.658288660861471
id_0b7len9grt,12.302109540737266
id_lkjbthp6xi,14.177719661249856
id_msyur8bama,13.637599156974698
id_r6b4lems42,14.91577294196616
id_tdtmvz23p5,14.113774040430629
id_ucg35myewu,17.425961944126897
id_cpu27o1708,16.90220979890567
id_8g3bfwtmtc,14.34542853033928
id_lvwrewueod,13.526900308991923
id_vjr52dclmq,19.056734638914115
id_74lpfoxs1u,21.545889789579228
id_51ipsqq6fi,18.00944386504877
id_rgv5vz1wi7,17.818860743882777
id_xukt8h1854,14.384881611609462
id_pvjuaozpis,15.805246956125217
id_dpstb14com,16.87208153866471
id_hfo34xjax3,14.073741620436088
id_1xcm67i57m,12.688728255570675
id_5w78ao9f51,11.577375802870993
id_wjwp5bnl95,15.73024797665662
id_q29d5fhap5,10.314433579676324
id_stpxgfh6at,12.191924076334619
id_lp5fau1v5t,15.996289128832737
id_7oxqpk7s41,12.506057067776913
id_4dnmn33ra3,12.716578517627548
id_vxnrc9eyhk,10.976040430005785
id_ysrrbwixap,9.557707569453704
id_yhfx1lpevn,11.089297085755634
id_c6a44pvjv8,6.468250175504659
id_s9f3ml14cj,16.37748789416449
id_d0w9c0xp76,9.162007358205056
id_a9fbexs6qf,10.575043756805558
id_9wzfhpw4et,12.816973577097881
id_ryi27ogtvv,15.988716957147465
id_l4fl7gcf91,8.33992080912713
id_tkvbxrgren,5.781160336718895
id_1wkfcd4q6t,13.940009861532083
id_mc88pd2apf,8.880189485515828
id_00iv2sgwb9,16.92265607547634
id_e7lfbanu92,6.952520822858878
id_1mdkr0dgz1,7.951082307000853
id_evzlq1bdq7,14.301746303145766
id_0fzcmep80p,12.195563379002687
id_dwd9xbd5ep,12.858141411073294
id_845jje9evg,8.781506435420573
id_cbrgljomk4,13.983829821969202
id_xadne3g2dw,7.086636784203065
id_fdlsm6mg2z,8.567681186830018
id_r1w2mcb346,10.069821939128822
id_1c24ja9jag,5.203091372356568
id_h1v0nwz453,10.624515059762604
id_igvjbr17my,15.455467292166512
id_isnin8oj7j,9.798974251906099
id_lts441t4ge,12.458003547416808
id_7k86unkgbf,11.171968677329282
id_xs2ivx2taa,12.88471914615613
id_t8pxhu1lko,12.674608700292609
id_cncxlihk4l,16.371370550567722
id_u3n972yugw,9.926107756611529
id_5dtltk9ol8,8.771364485504986
id_2d4xbl322n,19.279622074956
id_6ayd3hz9lc,11.520304230543351
id_fhedgc4ogi,26.830989494102795
id_je6xyskvqt,10.263188387492267
id_uqplr7i3e8,36.053703428844386
id_p2mep9skjf,20.115400827184345
id_klmztpbnj0,26.690609815405544
id_w8masqptnv,26.22773958726973
id_uqe5p1fz8i,25.824044101244972
id_vdcliffox0,15.763009392341184
id_suphbrot9x,22.285857597454466
id_qsl9hh9hbt,17.581874983308285
id_cu85lbcwzc,20.532527089076087
id_p83lwl7p4d,15.526285728878113
id_xnvv8228h2,17.13638252437049
id_t8sup9cci8,17.803060021928722
id_ryshnzfv4d,17.64506499939202
id_h8xe0d6wnr,20.41678631950227
id_y3i49rn3cl,20.40065144210013
id_q2e9lqyx5a,14.868628690910217
id_rxs1idu9rd,19.337840315431343
id_4oegd66w25,21.141683193263326
id_bb5wq93x8f,21.696177592150345
id_52ecm6umwm,18.675173020266037
id_8dwwuytb5v,16.18165845522472
id_zzjc7k91lz,18.85880768298656
id_13zklidhjm,21.300163486204497
id_3987oyytgm,19.91731911534799
id_vrhp90mg8w,20.87850503550775
id_qxd7crl1kv,15.72632378453061
id_c3yqmpgirm,16.820068074144622
id_m04u0g3jmm,18.317109118080293
id_oh231618a0,19.67166724284186
id_mq7wn4kpnq,18.828799575041714
id_1s9kt1d46m,20.128817406219923
id_o2jovbwixk,19.081867946634084
id_lbks4puqps,17.567913371545707
id_s12qsk2fm3,19.013298159603735
id_oy724ak7cq,23.72796295382026
id_g27rgw6pl8,26.567848050898807
id_uvlutbrlhh,27.845162998449617
id_uejyos5gh3,22.683961353740393
id_9hys0algtd,32.39408541546834
id_ga16h299c7,26.768703196983008
id_gxrrg3cnlc,30.023235381314308
id_7mz1vu7g4g,31.81850958538557
id_g2fmh836nu,29.725993173807915
id_yxk6h4ayeh,24.459139216609778
id_unsewqvn1a,28.909168416378908
id_1e0dh5jqvo,28.880492260547648
id_ieyz0z6h0w,32.617858667066706
id_t72jq7wg7f,31.26603738751551
id_h18rx6y3e9,30.102969724713134
id_70v67oh9n6,31.156788947699507
id_jmw9nldr1w,31.883333885080063
id_484spy9w6i,34.20731755137336
id_g65c62aekm,30.037510961729215
id_wv3teofdra,26.29512461073773
id_inx7pj1zao,28.35595005679933
id_ny05t5mh1p,26.764328873640345
id_u5tjmpvirk,24.73337466563309
id_svoeh6do9g,22.390404563455444
id_m25fiokemr,23.152786428155835
id_ot5b3e3mun,26.670172177526844
id_ssjjy0d17f,24.945159107110083
id_yru4k5km7g,26.169713738531048
id_gr9x49t37w,22.57684962255536
id_dmyl2a0wte,20.19971794766763
id_hc5646p82r,19.47931132609562
id_elm57z8vqj,26.723610843789096
id_u0fstcz8di,23.217980693187684
id_qttfy8k8h4,24.224198369946844
id_o3axo0etr3,23.72255745992574
id_2q9jp9vnu1,20.008062247968184
id_q6ms0le9xj,20.810319153320094
id_f93eoya8id,24.53188857451612
id_hueq8wmyii,19.01412626141169
id_lf0lyj77n1,19.65007019872091
id_luf77c9for,16.738943840677393
id_d0ssfcbe7n,20.58905681883335
id_qec98cuhd9,17.484964925107462
id_kj1jee85qf,14.844566284254682
id_tegcy3ymge,18.159080367757223
id_qtt1ub0cqr,19.376542528983393
id_f0n6fd1fzf,21.408772944079082
id_h1ar66egyc,16.80642173029716
id_81jnrshsul,16.758574344361406
id_jcg12akmp5,21.38454998266157
id_aq2pxbmh6f,19.52899834899353
id_e0qqf76fzh,16.0062819535017
id_wg4g9os7j0,20.613736278592675
id_3oodaxb9y5,16.16223257013156
id_kbmagd8awo,15.81012191737021
id_j9h3i8oh4m,23.017739719626633
id_hasyime9kt,14.010603551960351
id_sp1rci8n6i,15.804406317171555
id_pyl3gv21d1,14.368717499786513
id_qal583nrjb,14.420870343435482
id_0jahn21yg4,16.37514994396216
id_cdgc01qbv0,18.251477151043307
id_i6rcrq03t3,15.15228187497342
id_8u55jf04b4,14.113774040430629
id_m6pipj4ki2,18.17283951399051
id_gy8s836zbx,17.165777624905203
id_0uh4v68wol,13.996975384953066
id_7fcx2np47p,13.571505069904614
id_6wr20e0qhu,21.558042160637743
id_tof6i4dxr8,21.48496082342588
id_k9y121i3q6,20.568293197753885
id_ufnloy0p6l,17.272871923939547
id_bmbz4ag2h4,12.987296684155105
id_66fiqi3hb7,18.442406246662287
id_ao488ekn63,15.926595668076274
id_qa08032ux2,14.706257280490727
id_dksj4loxk5,12.630556943963875
id_xcnbk7we8b,11.110633297323474
id_d01xs14b12,15.454301730534576
id_gtbikppc9b,8.335813322142348
id_vexdtontsk,13.4076168215677
id_i2u4lru5pj,15.408192007599725
id_jd4dzel6u7,13.04502319256749
id_lpa9r07z8b,12.433418625313173
id_51jaijw22u,12.412649795882706
id_banl3q7xba,12.021750370797564
id_vutwngujan,8.317702878904537
id_8ymb5tnc39,7.877119531394873
id_5o92himecd,12.858497333086094
id_j65gxna4nx,10.614559336694496
id_ox2wsaw3ia,9.79573755773519
id_k2707sckem,15.738292347352719
id_mpj0lnxacc,19.786445362784043
id_xp21rc9wlj,7.822831260626417
id_95qlrnfn3m,14.133179641510708
id_jjc390qqbh,8.327238333475584
id_5q6ntj5feu,16.698526069036905
id_ulrzxc6or4,6.254307686929873
id_wyvwl4bqdu,9.095280454578308
id_f5b42pbalh,12.747102973198947
id_3piuxvnarz,10.337214796011908
id_ujdq27dnuy,12.73234172860867
id_o3842mf5fv,8.885181511607813
id_vt4p2wegs4,12.384850651250549
id_z4g1p19t95,7.518666335220083
id_bhmbzfmckd,8.738987385003007
id_lx1nwyvve4,8.596912052614492
id_4nsm6zzd4h,7.313562837106566
id_9jra8eod1e,9.670443140777136
id_qbc2s39kpt,14.862542604801128
id_hwtnn2m6nj,11.208975434319875
id_xmn0zn0jvp,13.889804221878528
id_5022yedndd,12.22301758342533
id_wdxog5yev9,11.04266484203162
id_aokky0eeqq,11.681151984857872
id_1929ukjz7m,15.092477811812007
id_6ezdibfpl6,15.88591922070987
id_muark7nz6q,8.725435500232347
id_l6s3otmx1p,9.70447090918627
id_evzd01c14s,23.136896911416187
id_h40j4g6lko,10.809542540765136
id_kn6e9u36j4,27.459223697674492
id_8j6zj2o5v3,10.8203265590118
id_mdql0oe5vo,34.3239077782598
id_0ejmzowt7c,21.727412756786965
id_l7koi9bqvu,16.010202330293758
id_zq9peruavc,27.540454219714228
id_w9vfge8zvy,27.660516620662367
id_m1u3t8z35l,28.298726089426342
id_2akds1jali,18.572707887547654
id_wejvfo8xac,18.5375535559304
id_wdhrtx9pfs,13.889443327820533
id_f63m71zrb3,14.368057140774953
id_o0xatx0hcr,17.64356552002713
id_96xc5f8bgh,17.942517091800937
id_0t0yv19f1q,24.416339493151085
id_dih5frts8q,23.767927700689924
id_trmmfm32qe,18.689390930399956
id_hu3sq815oq,21.32924351911707
id_cxfmqit9ap,16.19189290585389
id_7izfmpd326,16.57346790412827
id_qd0tkswd2a,18.336795417654468
id_otlb3hargz,20.613560722431487
id_st47fowvrj,20.804077033538093
id_4h4pdth392,16.442876081265467
id_g8trb7wy8n,13.648785617555573
id_1wx11gvom9,17.80479907534452
id_rvq5ol3w4x,16.357409057600023
id_7sttnrbjre,20.532527089076087
id_pip7eoyzmk,15.950811003487027
id_lb56ukrqt0,19.86181059430887
id_0hyearkq6o,18.549406216999888
id_mr6v3oygt6,18.82609165878346
id_yzbu3830gx,24.287990595647464
id_94p4j6yomt,22.008604383932298
id_53xsefo8ab,17.083460202026565
id_ymuv4r55o4,16.952249214419446
id_nqkiglgq9k,21.913285196337153
id_q6e19plrfx,19.130700581918436
id_poxowfpijt,18.675173020266037
id_qgt2oyneg3,17.194041489961478
id_kr9teempq0,19.811865867755323
id_q43rzgs3e5,21.865335087320393
id_uk0j14fgpq,19.377477020601006
id_h45ejiaqqh,20.87850503550775
id_u08b48hrcu,16.30107617211221
id_jdgiv3t50o,17.19692793968887
id_8h5gfrz1ja,19.29414432990173
id_mslk5ay6w0,19.413228447790278
id_y3hecd28lq,20.027415031710387
id_9cmmjowuen,22.30941754237724
id_3clagfxagj,18.182814209547594
id_8sttc3ns1m,17.605863838351766
id_uv4kyh58kt,18.880004021272775
id_zmu5hapnm7,22.406248924504418
id_ybt3e2qbt8,26.567848050898807
id_yvdig97vvd,27.845162998449617
id_wbsyjlsxkt,25.01475357805789
id_39gbv940fx,31.5996540634371
id_78sb1wtf1t,29.70017214546713
id_o191u62lgc,30.023235381314308
id_na0qbpl8m9,28.52174932068545
id_daa5h53t2o,28.402855744729806
id_z1zg8tcsm5,27.563702033724837
id_dkvf88hlsn,30.189822124877722
id_qltsdtf4pb,29.873059237040245
id_rcnbilmlv3,34.52025908340586
id_rjcx3o5cyf,29.18411995822587
id_dcvlcfgert,28.501105477233388
id_jujywo4op0,29.72371944330832
id_dgbg639yj9,33.610990848725336
id_rifhty9d4h,34.20731755137336
id_4cz74rv8a0,29.841756215322917
id_rjuh3wooi0,26.29512461073773
id_26raoqfw3b,28.845394593706175
id_yleyy5sp4g,26.933703051993653
id_7lq42pqlpp,24.41188505147685
id_x2m1scwodc,21.680031090710116
id_fs6ppj71si,23.152786428155835
id_0kq8v62wnx,26.300008996126724
id_qrf9ul8pfd,25.46667612374085
id_7k9rf681ac,25.92777392368234
id_0urpsxojw7,23.198538893592122
id_oj7le10r8n,19.741578835844358
id_8w44b89inq,20.19971794766763
id_jooksgf7r5,18.795901326979273
id_zjwzzwzjvp,27.67485655402053
id_hit20lvy91,20.078435490290016
id_yjzrxrwvr1,24.304362726518654
id_ba1airy6ru,23.572705009595488
id_fatkzdj52m,19.210711954158818
id_h6j3ijc59m,21.312219379016636
id_r29rhi7ayb,23.69312151456181
id_n2328yoyny,19.918148093577866
id_2i3htqk8wu,19.549349312006306
id_y8t6iz10zy,18.242658907158628
id_j2xlsmt1az,20.783574805202328
id_zul4loljtn,17.81986672780482
id_5lfy1u1m5t,14.857237649464452
id_4r448lp054,18.159080367757223
id_ks3yurf69t,16.992621115074584
id_xlx05ev9ep,18.705058356785255
id_ybqhvfmvb4,16.54810720303789
id_osbg0v4o7k,16.863398750398744
id_34amm2jgt1,21.38454998266157
id_651jn1ycqz,19.4313237950425
id_bjh20jwc0s,16.27948997812328
id_ev56qyrn6d,21.722963945265562
id_8zf79ts7q8,16.4115931434896
id_fsat380gb4,15.914860067263852
id_5y6h6w77t4,21.78764877650478
id_ux3m69xsv5,15.551999216813865
id_4y4b5x6oqs,15.965521159940801
id_4cmqu4avth,13.658288660861471
id_gd9bm0av1u,12.302109540737266
id_wkp093zyqi,14.370771954293101
id_ubo7o5c61g,16.901213044479164
id_da2q2o7k02,14.91577294196616
id_sfcmtklyr8,14.113774040430629
id_qon3ototf6,17.06212918552303
id_b1pwwzubs1,16.90220979890567
id_idrbyq1iwo,14.34542853033928
id_eo5tner8f9,13.526900308991923
id_dsl16jenz6,17.30297739304936
id_v5frf00iux,21.749127844576737
id_tijwl63sul,16.973124332737278
id_4nertyfo2z,17.123968727348924
id_1h3y0ycsbh,12.987296684155105
id_5ew52k2xfs,15.805246956125217
id_c1hedne5tu,16.87208153866471
id_drxgi1b55w,13.89593105702157
id_b764z0tp5c,12.216020394708483
id_n3ksb769k6,11.577375802870993
id_jvruvalbrm,15.739468390240217
id_qv4ehj6p1w,10.314433579676324
id_jxdgurw8vk,14.003971827262074
id_2ymafuhxw9,15.996289128832737
id_xgqoe9srqb,12.635794550735982
id_swi6t9g6aj,12.917852265445909
id_ttjz1pj6fm,12.412649795882706
id_8xv38j3a4z,11.748849800744352
id_yrqtamezkd,11.523216557466704
id_dzmpo7xtkf,6.468250175504659
id_u98r20l7ih,16.37748789416449
id_15w4tm2lvc,9.162007358205056
id_f2rhz6xl9n,10.575043756805558
id_so3qn2op6b,14.656674980072133
id_j5evcz5irl,15.988716957147465
id_4hfhscd1n7,16.561261228063273
id_akaaqo1io1,5.781160336718895
id_677lexrm68,14.133179641510708
id_4555ud3olu,8.880189485515828
id_b0q1fq9sgn,6.2087061730186885
id_lbljktjgzg,7.951082307000853
id_ph7h4vs00p,13.7497592525341
id_8k0yeqq8re,12.195563379002687
id_0z3pcoyibd,12.858141411073294
id_riellbxfqz,8.965545815577313
id_22067fyb6o,13.983829821969202
id_fcxnbnpbtq,7.086636784203065
id_058r7cipy5,8.04213442698555
id_58g26ly3b3,6.170592701773462
id_hfta2jdk0t,6.544234230902187
id_l0z16v7e6t,10.002104677224406
id_z696ot1p1u,17.667185212358884
id_ok22kq81e3,11.354635758885303
id_8c4sb9ee7u,12.861489204304828
id_j83bo3ks17,12.706362477206905
id_8vcb1z1tah,10.534865978018548
id_cfy6d3jhx7,12.86882220266494
id_krv1ca6cfb,12.674608700292609
id_3d0miob1p5,15.817188785665245
id_iib9ayuluh,9.926107756611529
id_t5k9sx5xqf,8.771364485504986
id_zkw0mo1z9v,24.46358924678886
id_sjwqgvoa6l,11.02430263312035
id_vzxomw7xu0,28.346857969285452
id_ig9ksmea4f,11.198398552217983
id_p70jdvpgtu,36.053703428844386
id_m0gtw6nh7p,20.115400827184345
id_i0y6y5f0km,14.28774333336753
id_hyf3spl0wf,26.618842046610155
id_rshwplefjs,27.440801315043327
id_3b0x2a5kdq,26.92803396044743
id_7d9vzan37b,15.599912845910943
id_1ma4lggm82,22.285857597454466
id_pym8ooemqb,17.030958395871718
id_hc62abtu6k,18.536596147216162
id_r8r0rkheji,18.679001245247044
id_xlindtdnz2,16.234462730116753
id_lnjrpbezhk,29.301379007166428
id_mgtu4ilbfd,34.20731755137336
id_5xqaypkkvs,29.365239847925352
id_w3so8j4bv7,26.29512461073773
id_7w1zp8cjcn,28.35595005679933
id_67uys7wrv4,25.758236099588103
id_r17gddig0j,23.22255318848014
id_e3vuqck2h6,23.102077944690762
id_fhszavu8ax,23.321896013645677
id_luamixbkgq,25.754242198304485
id_kqm2f56xwc,22.5883361767712
id_zyxetqm6wu,20.28356154174847
id_dz8pj6oclh,20.2864870235089
id_adeyv5o4f7,17.650424156682764
id_fz6qqj1h1a,27.67485655402053
id_n87wj2ambh,25.60015550437023
id_f70k3emlx3,25.884298465271716
id_vgoievdbtz,22.772341968641307
id_zh20dby41t,21.15412558800149
id_8bvi6lu9pe,19.918148093577866
id_q160zgg9me,19.830330616406865
id_4626is4jb1,17.417701265979115
id_yb12y6lzfu,20.56226513136837
id_q28sbilqoc,13.494243870896526
id_tum04j3i0k,16.570572208685462
id_rmvr6nrclw,18.445180347942877
id_htvqxawa72,16.2920992995928
id_fz1uc4v5j0,20.37283122154676
id_7b5p3b0df6,17.42839343604428
id_2g79ep4pkj,16.169464596559656
id_iqortjdma0,20.794583030744512
id_le8f4g0pzu,15.528010748555182
id_ekpzp4t5c4,15.098141379175363
id_gesmljsvjr,13.658288660861471
id_psei1suku6,14.809318141918062
id_hqwm0196vz,13.019364040713612
id_69rxifzt35,16.727302628854154
id_4o96zxaznr,15.391467698933154
id_3wrfo6380m,14.113774040430629
id_1fty7ttimn,17.844025772157767
id_c57ji3ham6,16.505777897270022
id_wvw6k6vp72,21.494402103766657
id_0p1s7vp852,17.939197259840977
id_b52rchktoy,17.03053661253053
id_xgf7g7nfe7,12.987296684155105
id_sm7nxaxevr,16.275765972704285
id_pyl58w1gtb,14.786062744880214
id_nqbx4rommx,12.04165731328834
id_19wzlmlzng,8.412535547787662
id_z1hdqiwyma,14.003971827262074
id_5mgd2i895h,16.40801234442341
id_60a72t2cay,11.952612099248032
id_a66evs0aqw,13.0450721100602
id_iuiyr65rvv,12.412649795882706
id_eaknqbzf77,6.458198614050884
id_stb9gc066l,9.47413562960764
id_qaykme2vjm,9.690743523819664
id_dt2xwaz5io,15.988716957147465
id_733wbi020k,8.962293978461897
id_m1jmaidc1m,16.298185148862373
id_iq7tgns55s,7.128750582949774
id_fyy6i6j06h,8.954579263659932
id_anv4htdeo8,13.47384154620767
id_f1xdbych81,11.907272535576205
id_vjajvq9znt,9.205570217071172
id_sqcw91cgln,8.183791337487133
id_w0kn8lsfm6,13.106301486497276
id_d0y2cmg99p,6.779581490383828
id_c0lde7ws35,8.384889827686195
id_nkpuzearf0,8.943376697507698
id_dny7wqpwsi,6.7876382722786035
id_mut5ylxif1,9.378259327958766
id_6v6apoias7,17.667185212358884
id_aanbewd75e,12.092917606565333
id_g3wrkoouk4,14.232419062719005
id_nwndwrpf8o,12.706362477206905
id_21ug002h0q,11.018070486133091
id_pd01tyg62p,12.86882220266494
id_wcb0ckggc7,15.2091285003053
id_3xfe9y6qy2,15.762431890289468
id_sg7nyshurw,9.926107756611529
id_fl01fpudeo,9.37179478094644
id_oz6t207lje,24.385441919976966
id_yq2em36nu1,11.156340063063562
id_fe0mlkkqtt,27.741307321381974
id_1lzokw7hi1,11.515238242853645
id_1pgeidv7p1,32.33865894128788
id_lbrv1ljzfv,20.115400827184345
id_ws4vk1maeh,14.394312244764413
id_lkjm5o21jg,25.970205680423007
id_esgom4jjh0,26.269142513560134
id_5wgz7hxu3q,26.92015027730227
id_ce45fi3i9r,15.440446040821787
id_e0fmjam36n,14.52651826701535
id_t9gpc6cl08,14.368073134123742
id_kmohqwxbue,15.448091489910711
id_dswkvfgg96,19.85593057271404
id_72kefc7g3s,18.549406216999888
id_fsdqdwkhec,19.277041307605234
id_yaf7kh6asz,19.881819246481943
id_d3xd7t76g8,20.859603289399907
id_ekxnkkalys,17.083460202026565
id_foo1qhnhh4,16.928926409399708
id_4gaub27eaz,21.41115861582808
id_u8ysh8pwg1,19.130700581918436
id_zwxals7wca,18.675173020266037
id_qs4s1l5v79,17.194041489961478
id_k5fj3oay3x,17.419851717443116
id_3bwp89pu3m,20.866591240253516
id_e9eglkp5vv,16.096174270193792
id_t4qjrlzxns,20.87850503550775
id_kn8xo43og2,17.762437581998668
id_48859izqh3,17.19692793968887
id_9967xanbmk,19.29414432990173
id_eh3ys96anu,18.627505086654246
id_5bgqsh9x4k,19.211066290717117
id_jwouft46is,19.024512541481386
id_3ck9tvimgh,16.997658053069834
id_n6s7duali8,16.234462730116753
id_6kgl1almmg,18.76546703378639
id_gxefptsqvq,22.406248924504418
id_ygnr1sn381,26.457214054934248
id_v3y11kgwad,27.845162998449617
id_q2fgzp3xx3,25.20556308295393
id_s7k292eya7,30.470092384400303
id_jt2rysim4p,30.08579606516231
id_yn9vzuflej,30.023235381314308
id_362cko5nwx,27.00944614476606
id_d9dv3lr4k1,28.402855744729806
id_10un4lyvek,26.974741551810702
id_z0j05634v8,26.89158171848666
id_txhxlogsxn,25.90542251451525
id_18c3488pxk,35.33814823377814
id_la1ypixght,28.35394832390437
id_t9njgxp6v6,28.501105477233388
id_b8yn1i9rx8,29.183176092077844
id_o2y4vg1agv,34.1929286701717
id_fvx3zhir92,34.61092600915535
id_nfj7rfs9a1,18.85742611329922
id_b9q3y3r7t3,21.486607186847735
id_yio3jfuvmy,23.69312151456181
id_54qfk101o1,19.918148093577866
id_vox6mwiloh,19.830330616406865
id_u1xceey131,17.935633760354342
id_dxpgh1o1t3,19.269461820509505
id_2ujws46vir,17.613644976467803
id_2n7hyhtkrb,13.681252874056911
id_4779bmeme0,18.159080367757223
id_b3eztfwajg,17.61244782515896
id_f33f3mdfla,18.445180347942877
id_xkpq6na5ee,15.837925731547312
id_3ihace1d7c,15.973195313768127
id_z6wylocn17,20.790097423591693
id_pm68i3c3wd,16.2920992995928
id_trjqjao4jd,18.5677985576414
id_1w15d7g4ge,21.718356333444262
id_3aici5cdi6,16.4115931434896
id_kbloxrog5z,16.169464596559656
id_ovmpiycff0,20.794583030744512
id_ly3xdcti5t,15.528010748555182
id_qb0ptrppyi,14.391384705536536
id_wxb5nd3qgd,13.198783896436877
id_1ry1ir7o6d,14.809318141918062
id_6wbo7y25e7,13.019364040713612
id_tse3bpfaes,16.727302628854154
id_9n988uuhtq,15.391467698933154
id_nzhdqdkc5b,14.125982314704974
id_4gabr5bciq,17.380193379052074
id_dc61oe5crn,16.90220979890567
id_7lbdu1bryj,13.627115756554177
id_mhqk3070i7,13.715917660320379
id_thtyylis4v,19.0099529990471
id_5iiheoohcw,20.921772335314934
id_vjiqa7ykcq,17.939197259840977
id_638vs5aq61,17.03053661253053
id_6cjnt5825x,13.444933036028921
id_534km866kg,16.463517721834393
id_fzkvzetszz,16.97298658391522
id_uwuc9e0lop,14.79842692478278
id_ncfz0o03wc,12.04165731328834
id_1sd88o70w0,11.577375802870993
id_9q3xoxtkc5,15.793328478894239
id_9xf47hwalo,8.412535547787662
id_c9e6k7t8xv,14.003971827262074
id_60hy4zghxo,14.86849683428014
id_vcj2pr28k2,12.020376358984125
id_nik15zq29r,12.917852265445909
id_gbsfx2i90n,12.412649795882706
id_sm9wfzdrfb,10.584037458337804
id_wa0hhql9xd,12.466166765587685
id_xyicbz69wn,6.468250175504659
id_fzfp1gfiyc,16.573494279156673
id_6jd6rh3joo,9.47413562960764
id_hohuu1719a,9.690743523819664
id_45rgo61j3e,14.656674980072133
id_x29n2ig0by,15.988716957147465
id_6pqpt4bc2y,16.561261228063273
id_kix768jdnh,5.781160336718895
id_p4u0awuwyi,14.085015433989868
id_5pkc8dc3pp,8.962293978461897
id_o8g3g3fyi1,16.298185148862373
id_gwi1towzf6,7.128750582949774
id_tl446ky5so,8.954579263659932
id_fv0k1xke9b,11.765380639509022
id_17qgwq8hor,11.907272535576205
id_h169vb8h8d,9.205570217071172
id_vuv2g91m7z,8.169520084157071
id_o62drksqmp,13.106301486497276
id_uvitqz5bhf,6.779581490383828
id_x1v4xuet0h,7.90108510306619
id_jr4seoen2w,8.841529223675908
id_q1efjaqgq0,6.544234230902187
id_ji3o8np61b,8.592967374943589
id_vp8mci8xh0,17.667185212358884
id_x5f7i7wjcu,12.092917606565333
id_eej779rshs,13.592603713103502
id_l9g1xrh5vp,12.706362477206905
id_9qz231bbzd,9.827928664020623
id_3jf3q7rnyi,12.86882220266494
id_y2oiminmvu,14.143403479992958
id_kj1d4jsmhg,15.817188785665245
id_b9dbh7l628,9.926107756611529
id_qkxd74j593,9.565746106646863
id_f9aer27ojz,24.44021531784591
id_v6ovtq73uh,10.874818385286005
id_dha8u73072,28.699308816571673
id_5cdrvce6lw,11.906334497738792
id_05y9wpsdwc,20.115400827184345
id_ty03p4f7jh,14.015023760707392
id_4rxcuqqsqp,25.970205680423007
id_x8pk6xpjba,26.269142513560134
id_rjgh33lh9s,26.92015027730227
id_07eag0levd,15.599912845910943
id_vxesong654,14.52651826701535
id_14j7bt588k,14.56646665990861
id_16wvcdazgi,20.53303271434277
id_iq6jofmcl3,20.625405394782106
id_tdu0u91xwk,22.242103005099896
id_62jccue0vl,19.278346831280203
id_3sef84eg2u,16.663050555144157
id_w0f6u87fds,21.68004119301917
id_jwcwkcbb4n,17.083460202026565
id_sipbb762jx,18.27630339661466
id_pw524o2hj4,22.271579527408228
id_qlj4brmgs2,17.194041489961478
id_6fw4q0j9so,16.708066730212337
id_squdps1yn8,20.470060140084172
id_92ijbpy5c7,23.669953931216547
id_5mdgs1tb11,21.080975184343984
id_pq77lq5wej,16.339319345679183
id_46mfsuetx3,19.60270683112023
id_l66xs53vq0,18.627505086654246
id_edk0v1a8wn,16.927319848640238
id_nztzaid365,15.691416524649442
id_1k9uqfcnfq,19.373112466316886
id_5rcti4kobf,24.632570738487875
id_al1l3ahw7b,30.625212718105608
id_3f3rzgujod,30.334434050017713
id_fr4pynhbb8,28.333503891413
id_rnuqsg891b,26.90043914251156
id_3qw0q1r8qa,25.725082526932198
id_o84bqle0x6,23.464437497709334
id_han5yb04s9,24.443678643836616
id_n7pgevpqei,23.86178631539658
id_j0aw1xyk9t,27.095041596063833
id_xpcbsjawvs,23.071920680971925
id_y8vz7smn74,21.573975114536882
id_xtbriixm7z,23.756104872649857
id_l47atvid60,17.952438673241893
id_gqpbs3ql9v,26.70681116456411
id_mohvibrck6,21.93386102415846
id_m2e2vhsgc5,21.23065230063861
id_6q2dw9x7y4,16.472440085157135
id_r8hora5q1m,17.613644976467803
id_chvslqlmkj,16.68834567655647
id_z8b1es3pzh,17.76070929850251
id_crc6ejtto8,13.96270763656401
id_4hw7jthh0g,12.276689625457863
id_rtp2qosss7,19.953796042597684
id_2keurz29m5,17.65028474391403
id_5f0tzdcdu0,18.928674598356995
id_6g5cbmuktq,19.188696212462162
id_njm4qcclts,15.69717009600446
id_t8gjwi01yc,13.347189578882293
id_dfcidlgn6x,16.37675705923836
id_f7whsdcam5,17.20842854539294
id_hga8rjdes3,17.30339863367789
id_32z89yhhic,12.521806413971222
id_pza69wztdl,11.331353718061507
id_ndfihwmpp8,11.291182580694297
id_v6uj9ttsd9,14.733623091541261
id_qi267vxsvl,12.697421578314398
id_oezislbogz,12.698001849455652
id_yzmptlwk5v,10.630118714718884
id_1wgvveqkxt,9.098985660664868
id_hyunf795m9,6.901853026782629
id_9vmusmwa1w,16.55930347418994
id_7set4vt1jc,13.953339746459905
id_xsuqw4qhef,9.70264296407927
id_5rb2kj08fr,16.014865915195003
id_hub405wg5o,19.974421535059726
id_1dl4uombn1,7.324181852436561
id_0m5pjvhhts,19.538039055441526
id_vlpyl2jer5,47.49948551589947
id_5qffgu5u3n,45.380258340110075
id_j988bph6z4,43.59671109621391
id_ws4odrtze8,39.840182781213436
id_ohyxbff88h,44.78256013913956
id_dz40i4pbqo,46.08111399873694
id_kfb0js1w3k,42.53835416657398
id_z6dnfzl23b,39.41335210813526
id_wh6a14b72u,46.93632952537088
id_2gcokul8h5,44.323853318704785
id_ju5045k8te,43.72027483361636
id_lx8g1rejy7,38.73825553573051
id_1ccceino2g,36.80221897086906
id_pkszxukfw8,47.29541754582247
id_irjroluzw5,37.096488047545044
id_41oiry183k,45.280840706643716
id_cfcgnt1ghb,46.83579233029985
id_sjd7rg1oll,44.62526791908506
id_364xgx2f9d,53.36570833013667
id_fy2bmhco3s,52.51298523263012
id_axh2ddc911,47.25142096882939
id_29vkc8fnf2,45.321586483100766
id_4ohuy386ux,43.984767396591536
id_ny7vfafssc,40.632389037463824
id_f67k2oy6ky,49.58871566752573
id_cphmkwhhm1,45.321586483100766
id_jhqjrinix0,43.752644356789226
id_n5se9alz2t,40.54065459278201
id_wtahd5vwwm,52.165274516296535
id_07q159o6c5,49.25519351423019
id_zuwn8cdmpg,50.01317219497943
id_h18pxnwgaz,46.87158103373375
id_jkeoakg1zs,41.920455203190464
id_jvc6j31d7r,46.02505902080583
id_tp5jxexuje,47.2672006738638
id_dkv9vzan2j,53.59315327096252
id_21jsagai52,48.45115182592856
id_5j5wrd0r76,55.71305347862712
id_hafhcdf5fe,52.07197637721962
id_ng9duxlksi,47.63710487888104
id_xdcw1447i6,52.65731302716621
id_c530clrtlp,48.67237673360595
id_7bmurid7pw,47.98333346673063
id_z2s38nz9hk,46.02238118190637
id_c9cycuvetl,54.10438768894157
id_8xu1ardxni,49.1622438267285
id_aumy97t1iu,49.05108598067887
id_cv1dq53hzh,25.808970230253397
